Device	Parameter	Preset1 example	Min	Max	Enum
Feedback Network	modIn-3	0.		157.0	
Feedback Network	modIn-1	0.		157.0	
Feedback Network	RandSmooth	1.		1.0	0 | 1
Feedback Network	wet/dry	1.		1.0	
Feedback Network	FB-level	0.			
Feedback Network	modIn-4	0.		157.0	
Feedback Network	AFB-Sens	62.992001			
Feedback Network	GL-Delay	58.928001			
Feedback Network	GL-Freq	47.751999			
Feedback Network	modIn-5	0.		157.0	
Feedback Network	AFB-Rate	94.487999			
Feedback Network	modIn-2	0.		157.0	
Feedback Network	AutoNetRate	87.375999			
Feedback Network	Auto-FB	1.		1.0	Off | On
Feedback Network	randTrig			1.0	off | on
Feedback Network	InLevelMinMax	0			
Feedback Network	GL-Q	35.560001			
Feedback Network	AFB-Clip	71.120003			
Feedback Network	FB-Gain	0			
Feedback Network	AutoGainRate	99.568001			
Feedback Network	AutoRandNetwork	1.		1.0	0 | 1
Feedback Network	RandInLevels	1.		1.0	0 | 1
FilterTaps	delay_rel3	288.	1.0	5000.0	
FilterTaps	[40]	1530.	1.0	5000.0	
FilterTaps	pitch5	15.			
FilterTaps	global_delay_scale	10.	1.0	10.0	
FilterTaps	delay_rel4	7.	1.0	5000.0	
FilterTaps	[5]	43.991199	1.0	5000.0	
FilterTaps	pitch3	10.			
FilterTaps	pitch6	3.			
FilterTaps	gain5	127.	1.0	300.0	
FilterTaps	global_q	0.39		1.0	
FilterTaps	pan4	-38.	-127.0		
FilterTaps	pitch4	0.			
FilterTaps	gain3	127.	1.0	300.0	
FilterTaps	pan6	-74.	-127.0		
FilterTaps	fb_gain	0.		1.0	
FilterTaps	[35]	2879.42407	1.0	5000.0	
FilterTaps	gain[5]	127.	1.0	300.0	
FilterTaps	pan3	46.	-127.0		
FilterTaps	[23]	127.	1.0	300.0	
FilterTaps	[2]	19.25943		20000.0	
FilterTaps	[18]	19.	1.0	5000.0	
FilterTaps	dry/wet	100.		100.0	
FilterTaps	[32]	22.811558		20000.0	
FilterTaps	delay_rel6	1.	1.0	5000.0	
FilterTaps	[26]	213.411331		20000.0	
FilterTaps	[38]	153.	1.0	5000.0	
FilterTaps	global_freq_scale	80.	1.0	100.0	
FilterTaps	[14]	0.	-127.0		
FilterTaps	[27]	720.856018	1.0	5000.0	
FilterTaps	[3]	455.908813	1.0	5000.0	
FilterTaps	[34]	5000.	1.0	5000.0	
FilterTaps	pan2	37.	-127.0		
FilterTaps	gain2	127.	1.0	300.0	
FilterTaps	[21]	11.148361		20000.0	
FilterTaps	[1]	3722.59595		20000.0	
FilterTaps	pan5	81.	-127.0		
FilterTaps	pitch2	8.			
FilterTaps	global_gain	52.	-300.0	300.0	
FilterTaps	[22]	887.822388	1.0	5000.0	
FilterTaps	delay_rel5	34.	1.0	5000.0	
FilterTaps	delay_rel2	106.	1.0	5000.0	
FilterTaps	[15]	11.547909		20000.0	
FilterTaps	[30]	0.			
FilterTaps	gain6	127.	1.0	300.0	
Flange-o-tron	step_len	13			1nd | 1n | 1nt | 2nd | 2n | 2nt | 4nd | 4n | 4nt | 8nd | 8n | 8nt | 16nd | 16n | 16nt | 32nd | 32n | 32nt | 64nd | 64n | 128nd | 128n
Flange-o-tron	wet/dry	100.		100.0	
Flange-o-tron	flange_UI	1			
Flange-o-tron	steps	16			
Flange-o-tron	bpm		30.0	300.0	
Flange-o-tron	reset			1.0	off | on
Flange-o-tron	tempo	0.			live | internal
Flange-o-tron	range_slider	0			
Flange-o-tron	glide			255.0	
Flange-o-tron	step_type[1]				notes | bar
Flange-o-tron	view				delay | feedback
Fragulator	buffer size	30.	16.0	11025.0	
Fragulator	direction	0.			forward | reverse
Fragulator	drop out	0.		1.0	
Fragulator	amp variation	0.		1.0	
Fragulator	declick	0.			hard | soft
Fragulator	repetition	0.		100.0	
Fragulator	Playback Speed	3.8		4.0	
Fragulator	feedback	0.		0.99	
Fragulator	wet_dry	100.		100.0	
Generic Effect	feedback_gain	0.	-1.0	1.0	
Generic Effect	ff_mod_depth	0.95		100.0	
Generic Effect	wet/dry	100.		100.0	
Generic Effect	fb_mod_depth	0.		100.0	
Generic Effect	feedback	1.		100.0	
Generic Effect	ff_mod_freq	3.		50.0	
Generic Effect	fb_mod_freq	1.		50.0	
Generic Effect	feedforward	3		100.0	
Generic Effect	Feedforward	1.	-1.0	1.0	
Generic Effect	input_gain	0.	-100.0	100.0	
Granular-to-go	playback_speed	0.8	0.001	10.0	
Granular-to-go	grain_range	1568.	1.0	11025.0	
Granular-to-go	range	127.			
Granular-to-go	active_left	1.		1.0	Off | On
Granular-to-go	grain_size	491.	1.0	11025.0	
Granular-to-go	playback_speed_range	0.4		10.0	
Granular-to-go	wet_dry	100.		100.0	
Granular-to-go	pulse_range	96.		1000.0	
Granular-to-go	active_right	1.		1.0	Off | On
Granular-to-go	pulse_offset	5.	5.0	1000.0	
Granular-to-go	min_amp	0.			
Granular-to-go	density	100.		100.0	
Granular-to-go	randomize			1.0	randomize | randomize
Harmonic Filter	live.toggle	1.		1.0	off | on
Harmonic Filter	mute5	0.		1.0	off | on
Harmonic Filter	mute4	0.		1.0	off | on
Harmonic Filter	seq11	0.		1.0	off | on
Harmonic Filter	seq22	0.		1.0	off | on
Harmonic Filter	mute1	0.		1.0	off | on
Harmonic Filter	freezeAll			1.0	Freeze All Off | Freeze All On
Harmonic Filter	slew rate	292.		500.0	
Harmonic Filter	seq6	0.		1.0	off | on
Harmonic Filter	seq17	0.		1.0	off | on
Harmonic Filter	harmonic limit	4.	1.0	23.0	
Harmonic Filter	change bug	0.		1.0	off | on
Harmonic Filter	mult bug	1.		1.0	off | on
Harmonic Filter	seq1	1.		1.0	off | on
Harmonic Filter	seq12	0.		1.0	off | on
Harmonic Filter	seq23	0.		1.0	off | on
Harmonic Filter	seq7	0.		1.0	off | on
Harmonic Filter	seq18	0.		1.0	off | on
Harmonic Filter	seq2	0.		1.0	off | on
Harmonic Filter	frequency adder	-38.	-200.0	200.0	
Harmonic Filter	seq13	0.		1.0	off | on
Harmonic Filter	frequency multiplier	1.		8.0	
Harmonic Filter	seq25	0.		1.0	off | on
Harmonic Filter	seq24	0.		1.0	off | on
Harmonic Filter	level	0.	-70.0	6.0	
Harmonic Filter	seq8	0.		1.0	off | on
Harmonic Filter	seq19	0.		1.0	off | on
Harmonic Filter	resonance	46.		200.0	
Harmonic Filter	seq3	0.		1.0	off | on
Harmonic Filter	seq14	0.		1.0	off | on
Harmonic Filter	mute2	0.		1.0	off | on
Harmonic Filter	seq9	0.		1.0	off | on
Harmonic Filter	seq20	0.		1.0	off | on
Harmonic Filter	diffussion rate	1.34		5.0	
Harmonic Filter	damp rate	0.24		5.0	
Harmonic Filter	seq4	0.		1.0	off | on
Harmonic Filter	rnd_range	54.95636			
Harmonic Filter	rand_all_period	9999	5.0	60000.0	
Harmonic Filter	seq15	0.		1.0	off | on
Harmonic Filter	rand_all_switch	1.		1.0	off | on
Harmonic Filter	rand_cell_switch	1.		1.0	off | on
Harmonic Filter	rand_period	181.	5.0	60000.0	
Harmonic Filter	mute3	0.		1.0	off | on
Harmonic Filter	cell_update	269	5.0	60000.0	
Harmonic Filter	cell_update_switch	1.		1.0	off | on
Harmonic Filter	base frequency	90.		200.0	
Harmonic Filter	seq10	0.		1.0	off | on
Harmonic Filter	seq21	0.		1.0	off | on
Harmonic Filter	seq5	0.		1.0	off | on
Harmonic Filter	change rate	2.	1.0	74.0	
Harmonic Filter	seq16	0.		1.0	off | on
Mangle Filter	wet_dry	100.		100.0	
Mangle Filter	delay_range	1.			X1 | X10
Mangle Filter	scalling_mode	0.			multiply | divide
Mangle Filter	input_curve	2.	2.0	8.0	
Mangle Filter	delay	0		100.0	
Mangle Filter	drive	4.32	0.1	42.0	
Mangle Filter	averaging_mode	2.			bipolar | absolute | rms
Mangle Filter	factor	100.		100.0	
Max AutoFilter	FilterFreqOffset	50	50.0	10000.0	
Max AutoFilter	EnvInput	0	-70.0	30.0	
Max AutoFilter	EnvSharpness	0.	-1.0	1.0	
Max AutoFilter	EnvSmooth	50		500.0	
Max AutoFilter	FilterType	4.			lowpass | highpass | bandpass | bandstop | peaknotch | lowshelf | highshelf | resonant
Max AutoFilter	Dry/Wet	100.		100.0	
Max AutoFilter	EnvInterval	50	5.0	500.0	
Max AutoFilter	FilterGain	0	-70.0	30.0	
Max AutoFilter	FilterClear	0		1.0	Clear | Clear
Max AutoFilter	EnvMode	0.			abs | rms
Max AutoFilter	FilterQ	1.	0.1	10.0	
Max AutoFilter	FilterFreqRange	1000		10000.0	
Max AutoFilter	EnvFollower	0		1.0	Off | On
Max AutoFilter	Gain	0.	-70.0	30.0	
Max AutoRingMod	EnvInput	0	-70.0	30.0	
Max AutoRingMod	EnvSharpness	0.	-1.0	1.0	
Max AutoRingMod	EnvSmooth	50		500.0	
Max AutoRingMod	Dry/Wet	100.		100.0	
Max AutoRingMod	EnvInterval	50	5.0	500.0	
Max AutoRingMod	ModRange	1000		10000.0	
Max AutoRingMod	EnvMode	0.			abs | rms
Max AutoRingMod	ModOffset	0		10000.0	
Max AutoRingMod	EnvFollower	0		1.0	Off | On
Max AutoRingMod	Gain	0.	-70.0	30.0	
Max CombFilterMulti	Detune1	0	-50.0	50.0	
Max CombFilterMulti	Pitch4	72		120.0	
Max CombFilterMulti	Dry/Wet	100.		100.0	
Max CombFilterMulti	Detune5	0	-50.0	50.0	
Max CombFilterMulti	Pitch1	36		120.0	
Max CombFilterMulti	Input	50		99.0	
Max CombFilterMulti	Feedfwd	50		99.0	
Max CombFilterMulti	Detune4	0	-50.0	50.0	
Max CombFilterMulti	Pitch2	48		120.0	
Max CombFilterMulti	Feedback	50		99.0	
Max CombFilterMulti	Detune3	0	-50.0	50.0	
Max CombFilterMulti	Pitch5	84		120.0	
Max CombFilterMulti	Tremolo	0		1000.0	
Max CombFilterMulti	Gain	0	-70.0	30.0	
Max CombFilterMulti	Detune2	0	-50.0	50.0	
Max CombFilterMulti	Pitch3	60		120.0	
Max Compressor	Mode	0		1	punchy | smooth
Max Compressor	LevelDetectGating	-36	-90.0	0.0	
Max Compressor	Range	20		36.0	
Max Compressor	SideChainFilter	0.		1	Off | On
Max Compressor	ProgressiveRelease	50		100.0	
Max Compressor	AGC	1		1	Off | On
Max Compressor	Delay	23		100.0	
Max Compressor	Preset	0		4	Guitar | Bass | Vocal | Drums | Material
Max Compressor	ChannelCoupling	0		2	Stereo | Left | Right
Max Compressor	Release	111		150.0	
Max Compressor	Meters	0.		1	Off | On
Max Compressor	Gain	0.	-70.0	30.0	
Max Compressor	Attack	133		150.0	
Max Compressor	DownExpandThresh	-45	-90.0	0.0	
Max Compressor	DownExpandEnable	1		1	Off | On
Max Compressor	DualBand	0.		1	Off | On
Max Compressor	Ratio	100		100.0	
Max Compressor	Limiter	1		1	Off | On
Max Compressor	SmoothGain	65		100.0	
Max Compressor	MetersRate	25		250.0	
Max Compressor	Bypass	0.		1	No bypass | Bypass
Max Compressor	LevelDetectFreeze	-54	-90.0	0.0	
Max Compressor	Thresh	-10	-36.0	0.0	
Max CutKiller	Beat			1.0	Arm | Trigger
Max CutKiller	Weight[3]	5.		10.0	
Max CutKiller	Select[6]			1.0	Arm | Trigger
Max CutKiller	Interval[2]	10.			128n | 64n | 32nt | 64nd | 32n | 16nt | 32nd | 16n | 8nt | 16nd | 8n | 4nt | 8nd | 4n | 2nt | 4nd | 2n | 1nt | 2nd | 1n | 1nd
Max CutKiller	Weight[6]	1.		10.0	
Max CutKiller	Go			1.0	Arm | Trigger
Max CutKiller	Rest			1.0	Arm | Trigger
Max CutKiller	Weight[4]	1.		10.0	
Max CutKiller	Interval[7]	9.			128n | 64n | 32nt | 64nd | 32n | 16nt | 32nd | 16n | 8nt | 16nd | 8n | 4nt | 8nd | 4n | 2nt | 4nd | 2n | 1nt | 2nd | 1n | 1nd
Max CutKiller	FadeCurve	0.	-1.0	1.0	
Max CutKiller	Interval[1]	13.			128n | 64n | 32nt | 64nd | 32n | 16nt | 32nd | 16n | 8nt | 16nd | 8n | 4nt | 8nd | 4n | 2nt | 4nd | 2n | 1nt | 2nd | 1n | 1nd
Max CutKiller	Weight[8]	1.		10.0	
Max CutKiller	Weight[7]	1.		10.0	
Max CutKiller	ChangeProb	75.		100.0	
Max CutKiller	Select[1]			1.0	Arm | Trigger
Max CutKiller	Play			1.0	Arm | Trigger
Max CutKiller	Interval[8]	8.			128n | 64n | 32nt | 64nd | 32n | 16nt | 32nd | 16n | 8nt | 16nd | 8n | 4nt | 8nd | 4n | 2nt | 4nd | 2n | 1nt | 2nd | 1n | 1nd
Max CutKiller	Select[7]			1.0	Arm | Trigger
Max CutKiller	Interval[3]	7.			128n | 64n | 32nt | 64nd | 32n | 16nt | 32nd | 16n | 8nt | 16nd | 8n | 4nt | 8nd | 4n | 2nt | 4nd | 2n | 1nt | 2nd | 1n | 1nd
Max CutKiller	Interval[5]	15.			128n | 64n | 32nt | 64nd | 32n | 16nt | 32nd | 16n | 8nt | 16nd | 8n | 4nt | 8nd | 4n | 2nt | 4nd | 2n | 1nt | 2nd | 1n | 1nd
Max CutKiller	Change			1.0	Arm | Trigger
Max CutKiller	Dry/wet	100.		100.0	
Max CutKiller	Select[8]			1.0	Arm | Trigger
Max CutKiller	Select[2]			1.0	Arm | Trigger
Max CutKiller	RestProb	25.		100.0	
Max CutKiller	Interval[4]	4.			128n | 64n | 32nt | 64nd | 32n | 16nt | 32nd | 16n | 8nt | 16nd | 8n | 4nt | 8nd | 4n | 2nt | 4nd | 2n | 1nt | 2nd | 1n | 1nd
Max CutKiller	Select[5]			1.0	Arm | Trigger
Max CutKiller	NoChange			1.0	Arm | Trigger
Max CutKiller	Select[3]			1.0	Arm | Trigger
Max CutKiller	FadeIn	1.		10.0	
Max CutKiller	Pulse			1.0	Arm | Trigger
Max CutKiller	OnOff	1.		1.0	Off | On
Max CutKiller	Weight[1]	2.		10.0	
Max CutKiller	Interval[6]	12.			128n | 64n | 32nt | 64nd | 32n | 16nt | 32nd | 16n | 8nt | 16nd | 8n | 4nt | 8nd | 4n | 2nt | 4nd | 2n | 1nt | 2nd | 1n | 1nd
Max CutKiller	Gain	0.	-70.0	30.0	
Max CutKiller	Weight[5]	1.		10.0	
Max CutKiller	Select[4]			1.0	Arm | Trigger
Max CutKiller	Reset	0.		1.0	Arm | Trigger
Max CutKiller	FadeOut	1			1 | 2 | 4 | 8 | 16 | 32 | 64
Max CutKiller	Count	2.	1.0	16.0	
Max CutKiller	Weight[2]	3.		10.0	
Max DelayMultiBand	LowXFreq	1000	50.0	10000.0	
Max DelayMultiBand	EffectGain	0.	-70.0	30.0	
Max DelayMultiBand	HighDelL	0		2000.0	
Max DelayMultiBand	MidFB	0		99.0	
Max DelayMultiBand	LowEnable	1.		1.0	Off | On
Max DelayMultiBand	LowDelR	0		2000.0	
Max DelayMultiBand	HighEnable	1.		1.0	Off | On
Max DelayMultiBand	HighGain	0.	-70.0	30.0	
Max DelayMultiBand	MidDelR	0		2000.0	
Max DelayMultiBand	HighXFreq	4000	50.0	10000.0	
Max DelayMultiBand	MidGain	0.	-70.0	30.0	
Max DelayMultiBand	HighDelR	0		2000.0	
Max DelayMultiBand	MidDelL	0		2000.0	
Max DelayMultiBand	LowDelL	0		2000.0	
Max DelayMultiBand	HighFB	0		99.0	
Max DelayMultiBand	MidEnable	1.		1.0	Off | On
Max DelayMultiBand	DirectGain	-70.	-70.0	30.0	
Max DelayMultiBand	Lowgain	0.	-70.0	30.0	
Max DelayMultiBand	LowFB	0		99.0	
Max DelayTaps	LevelsDistr	0.	-1.0	1.0	
Max DelayTaps	Pans	0.			
Max DelayTaps	PansMax	50	-50.0	50.0	
Max DelayTaps	DelaysMin	0		5000.0	
Max DelayTaps	LevelsShape	0.	-1.0	1.0	
Max DelayTaps	PansDistr	0.	-1.0	1.0	
Max DelayTaps	Levels	0.			
Max DelayTaps	Delays	0.			
Max DelayTaps	PansMin	-50	-50.0	50.0	
Max DelayTaps	Dry/Wet	100.		100.0	
Max DelayTaps	DelaysShape	0.	-1.0	1.0	
Max DelayTaps	MasterGain	0.	-70.0	30.0	
Max DelayTaps	LevelsMax	100		100.0	
Max DelayTaps	Feedback	50		99.0	
Max DelayTaps	Taps	8	2.0	32.0	
Max DelayTaps	DelaysDistr	0.	-1.0	1.0	
Max DelayTaps	LevelsMin	0.		100.0	
Max DelayTaps	DelaysMax	1000		5000.0	
Max DelayTaps	PansShape	0.	-1.0	1.0	
Max DopplerPan	PositionMode	0		1.0	Oscill | Free
Max DopplerPan	Activate			1.0	Off | On
Max DopplerPan	PositionFree	50		100.0	
Max DopplerPan	RateUnit	13.			1/128 | 1/64 | 1/32T | 1/64D | 1/32 | 1/16T | 1/32D | 1/16 | 1/8T | 1/16D | 1/8 | 1/4T | 1/8D | 1/4 | 1/2T | 1/4D | 1/2 | 1/1T | 1/2D | 1/1 | 1/1D
Max DopplerPan	RateRand	0		100.0	
Max DopplerPan	Output	0.	-70.0	30.0	
Max DopplerPan	DistanceMax	25	1.0	200.0	
Max DopplerPan	Source	-70.	-70.0	30.0	
Max DopplerPan	DistanceMin	5	1.0	100.0	
Max DopplerPan	RateMult	8.	1.0	100.0	
Max EffectMatrix	InputGain	0.	-70.0	30.0	
Max EffectMatrix	ShiftGain	0.	-70.0	30.0	
Max EffectMatrix	ShiftL	0		1000.0	
Max EffectMatrix	OutputGain	0.	-70.0	30.0	
Max EffectMatrix	DelayR	0		2000.0	
Max EffectMatrix	DelayL	0		2000.0	
Max EffectMatrix	CombFeedback	50		99.0	
Max EffectMatrix	MatrixClear			1.0	Arm | Trigger
Max EffectMatrix	Matrix	0			
Max EffectMatrix	CombPitchL	60		120.0	
Max EffectMatrix	DelayFeedback	0		99.0	
Max EffectMatrix	DelayGain	0.	-70.0	30.0	
Max EffectMatrix	CombPitchR	60		120.0	
Max EffectMatrix	CombGain	0.	-70.0	30.0	
Max EffectMatrix	ShiftR	0		1000.0	
Max EnvFollower	Follower	1		1.0	Off | On
Max EnvFollower	Smoothing	50		500.0	
Max EnvFollower	Oscill	-12	-70.0	30.0	
Max EnvFollower	Sharpness	0.	-1.0	1.0	
Max EnvFollower	Input	0	-70.0	30.0	
Max EnvFollower	Mode	0.			abs | rms
Max EnvFollower	Interval	50	5.0	500.0	
Max EnvFollower	Source	0	-70.0	30.0	
Max EqGraphic31	Band[9]	0	-30.0	30.0	
Max EqGraphic31	Band[4]	0	-30.0	30.0	
Max EqGraphic31	GlobalQ	1.	0.1	10.0	
Max EqGraphic31	Band[28]	0	-30.0	30.0	
Max EqGraphic31	Band[23]	0	-30.0	30.0	
Max EqGraphic31	Band[18]	0	-30.0	30.0	
Max EqGraphic31	Band[13]	0	-30.0	30.0	
Max EqGraphic31	Band[8]	0	-30.0	30.0	
Max EqGraphic31	Band[3]	0	-30.0	30.0	
Max EqGraphic31	Flat			1.0	Arm | Trigger
Max EqGraphic31	Band[27]	0	-30.0	30.0	
Max EqGraphic31	Band[22]	0	-30.0	30.0	
Max EqGraphic31	Band[17]	0	-30.0	30.0	
Max EqGraphic31	Band[12]	0	-30.0	30.0	
Max EqGraphic31	MasterGain	0.	-70.0	30.0	
Max EqGraphic31	Band[1]	0	-30.0	30.0	
Max EqGraphic31	Band[7]	0	-30.0	30.0	
Max EqGraphic31	Band[2]	0	-30.0	30.0	
Max EqGraphic31	Band[31]	0	-30.0	30.0	
Max EqGraphic31	Band[26]	0	-30.0	30.0	
Max EqGraphic31	Band[21]	0	-30.0	30.0	
Max EqGraphic31	Band[16]	0	-30.0	30.0	
Max EqGraphic31	Band[11]	0	-30.0	30.0	
Max EqGraphic31	Band[6]	0	-30.0	30.0	
Max EqGraphic31	Band[30]	0	-30.0	30.0	
Max EqGraphic31	Band[25]	0	-30.0	30.0	
Max EqGraphic31	Band[20]	0	-30.0	30.0	
Max EqGraphic31	Band[15]	0	-30.0	30.0	
Max EqGraphic31	Band[10]	0	-30.0	30.0	
Max EqGraphic31	Band[5]	0	-30.0	30.0	
Max EqGraphic31	Band[29]	0	-30.0	30.0	
Max EqGraphic31	Band[24]	0	-30.0	30.0	
Max EqGraphic31	Band[19]	0	-30.0	30.0	
Max EqGraphic31	Band[14]	0	-30.0	30.0	
Max EqParametric4	Gain[4]	0	-70.0	30.0	
Max EqParametric4	Q[3]	1.	0.1	10.0	
Max EqParametric4	Active[2]	1		1.0	Off | On
Max EqParametric4	Freq[1]	100	50.0	18000.0	
Max EqParametric4	Freq[4]	5000	50.0	18000.0	
Max EqParametric4	Type[3]	4.			lowpass | highpass | bandpass | bandstop | peaknotch | lowshelf | highshelf | resonant | allpass
Max EqParametric4	Gain[2]	0	-70.0	30.0	
Max EqParametric4	Q[1]	1.	0.1	10.0	
Max EqParametric4	MasterGain	0.	-70.0	30.0	
Max EqParametric4	Q[4]	1.	0.1	10.0	
Max EqParametric4	Active[3]	1		1.0	Off | On
Max EqParametric4	Freq[2]	500	50.0	18000.0	
Max EqParametric4	Type[1]	5.			lowpass | highpass | bandpass | bandstop | peaknotch | lowshelf | highshelf | resonant | allpass
Max EqParametric4	FilterClear	0		1.0	Clear | Clear
Max EqParametric4	Type[4]	6.			lowpass | highpass | bandpass | bandstop | peaknotch | lowshelf | highshelf | resonant | allpass
Max EqParametric4	Gain[3]	0	-70.0	30.0	
Max EqParametric4	Q[2]	1.	0.1	10.0	
Max EqParametric4	Active[1]	1		1.0	Off | On
Max EqParametric4	Active[4]	1		1.0	Off | On
Max EqParametric4	Freq[3]	1000	50.0	18000.0	
Max EqParametric4	Reset	0		1.0	Reset | Reset
Max EqParametric4	Type[2]	4.			lowpass | highpass | bandpass | bandstop | peaknotch | lowshelf | highshelf | resonant | allpass
Max EqParametric4	Gain[1]	0	-70.0	30.0	
Max EqShelving	LowXFreq	1000	50.0	10000.0	
Max EqShelving	LowEnable	1.		1.0	Off | On
Max EqShelving	MasterGain	0.	-70.0	30.0	
Max EqShelving	HighEnable	1.		1.0	Off | On
Max EqShelving	HighGain	0.	-70.0	30.0	
Max EqShelving	HighXFreq	4000	50.0	10000.0	
Max EqShelving	MidGain	0.	-70.0	30.0	
Max EqShelving	MidEnable	1.		1.0	Off | On
Max EqShelving	Lowgain	0.	-70.0	30.0	
Max SignalAnalyzer	Interval	10	10.0	1000.0	
Max SignalAnalyzer	Sense	10	1.0	100.0	
Max SpectralDelay	Delays	0.464844		1.0	
Max SpectralDelay	Dry/Wet	100.		100.0	
Max SpectralDelay	Feedbacks	0.710938		1.0	
Max SpectralDelay	DelayRange	2000.		5000.0	
Max SpectralDelay	FeedbackRandStep	10	2.0	256.0	
Max SpectralDelay	DelayRandStep	10	2.0	256.0	
Max SpectralDelay	FeedbackRange	50.		99.0	
Max SpectralDelay	FeedbackRand			1.0	Arm | Trigger
Max SpectralDelay	DelayRand			1.0	Arm | Trigger
Max SpectralDelay	Gain	0.	-70.0	30.0	
Max SpectralHarm	ModeR	0.		1.0	Time | Sync
Max SpectralHarm	ShiftL	0.	-200.0	200.0	
Max SpectralHarm	DelayR	0.		2500.0	
Max SpectralHarm	Dry/Wet	100.		100.0	
Max SpectralHarm	BeatL	0.		7.0	1 | 2 | 3 | 4 | 5 | 6 | 8 | 16
Max SpectralHarm	DelayL	0.		2500.0	
Max SpectralHarm	DetuneR	0	-50.0	50.0	
Max SpectralHarm	PanR	50	-50.0	50.0	
Max SpectralHarm	TranspL	0.	-24.0	24.0	
Max SpectralHarm	BeatR	0.		7.0	1 | 2 | 3 | 4 | 5 | 6 | 8 | 16
Max SpectralHarm	Feedback	0.		99.0	
Max SpectralHarm	DetuneL	0	-50.0	50.0	
Max SpectralHarm	PanL	-50	-50.0	50.0	
Max SpectralHarm	Gain	0.	-70.0	30.0	
Max SpectralHarm	TranspR	0.	-24.0	24.0	
Max SpectralHarm	ModeL	0.		1.0	Time | Sync
Max SpectralHarm	ShiftR	0	-200.0	200.0	
Microtuner	AmbienceThreshold	0	-10.0	10.0	
Microtuner	SnapToGrid	1		1.0	off | on
Microtuner	Quality	0.			basic | good | better | best
Microtuner	Latency	1		1.0	off | on
Microtuner	CorrectionAmount	100		100.0	
Microtuner	Tonic	11.			B | A# | A | G# | G | F# | F | E | D# | D | C# | C
Microtuner	InitScale			1.0	arm | trigger
Microtuner	CorrectionThreshold	0		99.0	
Microtuner	Points	13.	2.0	256.0	
Microtuner	InitSettings			1.0	arm | trigger
Microtuner	GridResol	100.	1.0	256.0	
Microtuner	Pattern	0.			1 | 2 | 3 | 4 | 5 | 6 | 7 | 8 | 9 | 10 | 11 | 12
Microtuner	Gain	0.	-70.0	30.0	
Microtuner	Dry/Wet	100.		100.0	
Microtuner	SibilanceThreshold	100		500.0	
Microtuner	Scale	1200.			
Microtuner	Storage	"{'pattrstorage': {'name': 'u394000814'			
Microtuner	Import			1.0	arm | trigger
Mono Vocoder	AmbienceThreshold	0	-10.0	10.0	
Mono Vocoder	Bus	0			1 | 2 | 3 | 4 | 5 | 6 | 7 | 8 | 9 | 10 | 11 | 12
Mono Vocoder	Quality	0.			basic | good | better | best
Mono Vocoder	Detune	0	-100.0	100.0	
Mono Vocoder	Latency	1		1.0	off | on
Mono Vocoder	CorrectionAmount	100		100.0	
Mono Vocoder	Glide	50		10000.0	
Mono Vocoder	CorrectionThreshold	0		99.0	
Mono Vocoder	InitSettings			1.0	arm | trigger
Mono Vocoder	Pitch	60.			
Mono Vocoder	Gain	0.	-70.0	30.0	
Mono Vocoder	Midi	0.		1.0	off | on
Mono Vocoder	Dry/Wet	100.		100.0	
Mono Vocoder	SibilanceThreshold	100		500.0	
MonsterCrunch	lowpass-resonance	0.66		0.99	
MonsterCrunch	low-freq-depth	55.		200.0	
MonsterCrunch	Initial Gain	54.		360.0	
MonsterCrunch	hi-freq-offset	0.78		1.0	
MonsterCrunch	wet-dry	100.		100.0	
MonsterCrunch	filter-cutoff	2075.		4000.0	
MonsterCrunch	low-freq-offset	0.42		1.0	
MonsterCrunch	level	0.	-70.0	6.0	
MonsterCrunch	hi-mod-freq	1.		100.0	
MonsterCrunch	hi-freq-depth	197.		200.0	
MonsterCrunch	low-mod-freq	4.		100.0	
Multi Harmonizer	Atten	1		1.0	off | on
Multi Harmonizer	VibDepth	25.		1200.0	
Multi Harmonizer	VibOscAmount	50		100.0	
Multi Harmonizer	Bus	0			1 | 2 | 3 | 4 | 5 | 6 | 7 | 8 | 9 | 10 | 11 | 12
Multi Harmonizer	Quality	0.			basic | good | better | best
Multi Harmonizer	Latency	1		1.0	off | on
Multi Harmonizer	PreGain	-3	-70.0	30.0	
Multi Harmonizer	VibDirection	0.			updown | up | down
Multi Harmonizer	VibOscEnable	1.		1.0	off | on
Multi Harmonizer	Fade	1000		10000.0	
Multi Harmonizer	Shift	0.	-1200.0	1200.0	
Multi Harmonizer	VibEnable	0.		1.0	off | on
Multi Harmonizer	VibRate	4.		100.0	
Multi Harmonizer	Spread	50		100.0	
Multi Harmonizer	VibNoiseAmount	50		100.0	
Multi Harmonizer	Pattern	0.			1 | 2 | 3 | 4 | 5 | 6 | 7 | 8 | 9 | 10
Multi Harmonizer	Gain	0.	-70.0	30.0	
Multi Harmonizer	Midi	0.		1.0	off | on
Multi Harmonizer	Dry/Wet	100.		100.0	
Multi Harmonizer	Clear			1.0	off | on
Multi Harmonizer	Chord	57			
Multi Harmonizer	VibNoiseEnable	0.		1.0	off | on
Multi Harmonizer	Storage	"{'pattrstorage': {'name': 'u332000353'			
Nebula	level	0.	-70.0	6.0	
Nebula	interval	13			128n | 64n | 32nt | 64nd | 32n | 16nt | 32nd | 16n | 8nt | 16nd | 8n | 4nt | 8nd | 4n | 2nt | 4nd | 2n | 1nt | 2nd | 1n | 1nd
Nebula	nebula-depth	76		100.0	
Nebula	clock	0			Free | Live
Nebula	swirl-activity	61		100.0	
Noyzckippr	noise_gainR	0.57		7.0	
Noyzckippr	noise_gainL	0.57		7.0	
Noyzckippr	noise_Q_R	12.	0.5	80.0	
Noyzckippr	wet_dry_left	100.		100.0	
Noyzckippr	link	1		1.0	val1 | val2
Noyzckippr	noise_out_gain_L	355.		1200.0	
Noyzckippr	noise_CF_R	31.		4000.0	
Noyzckippr	noise_Q_L	12.	0.5	80.0	
Noyzckippr	noise_out_gain_R	355.		1200.0	
Noyzckippr	noise_CF_L	31.		4000.0	
Noyzckippr	wet_dry_right	100.		100.0	
Pendulum	spacing_right	1.	1.0	10.0	
Pendulum	wet_dry	100.		100.0	
Pendulum	delay left	0.		1000.0	
Pendulum	master_window	623.		1000.0	
Pendulum	phase_spread	0.		0.25	
Pendulum	frequency	6.		20.0	
Pendulum	spacing_left	1.	1.0	10.0	
Pendulum	freq_spread	0.25		0.25	
Pendulum	window_spread	0.12		0.25	
Pendulum	delay right	317.		1000.0	
Phone Filter	hiss	0.01		0.1	
Phone Filter	dropout_length	21.	1.0	1000.0	
Phone Filter	wet/dry	100.		100.0	
Phone Filter	quality	4.92	1.0	50.0	
Pitch & Echo	VibDepth	25.		1200.0	
Pitch & Echo	VibOscAmount	50		100.0	
Pitch & Echo	EchoFeedback	50		99.0	
Pitch & Echo	Quality	0.			basic | good | better | best
Pitch & Echo	Latency	1		1.0	off | on
Pitch & Echo	VibDirection	0.			updown | up | down
Pitch & Echo	VibOscEnable	1.		1.0	off | on
Pitch & Echo	EchoMode	0.		1.0	off | on
Pitch & Echo	EchoSync	13.			1/128 | 1/64 | 1/32T | 1/64D | 1/32 | 1/16T | 1/32D | 1/16 | 1/8T | 1/16D | 1/8 | 1/4T | 1/8D | 1/4 | 1/2T | 1/4D | 1/2 | 1/1T | 1/2D | 1/1 | 1/1D
Pitch & Echo	Glide	50		10000.0	
Pitch & Echo	VibEnable	0.		1.0	off | on
Pitch & Echo	VibRate	4.		100.0	
Pitch & Echo	EchoTime	500		5000.0	
Pitch & Echo	VibNoiseAmount	50		100.0	
Pitch & Echo	Gain	0.	-70.0	30.0	
Pitch & Echo	Transp	0.	-2400.0	2400.0	
Pitch & Echo	Dry/Wet	100.		100.0	
Pitch & Echo	VibNoiseEnable	0.		1.0	off | on
Pitch & Echo	EchoEnable	0.		1.0	off | on
Pitch & Vibrato	VibDepth	25.		1200.0	
Pitch & Vibrato	VibOscAmount	50		100.0	
Pitch & Vibrato	Quality	0.			basic | good | better | best
Pitch & Vibrato	Latency	1		1.0	off | on
Pitch & Vibrato	VibDirection	0.			updown | up | down
Pitch & Vibrato	VibOscEnable	1.		1.0	off | on
Pitch & Vibrato	Glide	50		10000.0	
Pitch & Vibrato	VibEnable	0.		1.0	off | on
Pitch & Vibrato	VibRate	4.		100.0	
Pitch & Vibrato	VibNoiseAmount	50		100.0	
Pitch & Vibrato	Gain	0.	-70.0	30.0	
Pitch & Vibrato	Transp	0.	-2400.0	2400.0	
Pitch & Vibrato	Dry/Wet	100.		100.0	
Pitch & Vibrato	VibNoiseEnable	0.		1.0	off | on
Pitch Tracker	InGain	0	-70.0	24.0	
Pitch Tracker	SynthGain	0.	-70.0	24.0	
Pitch Tracker	Bus	0			1 | 2 | 3 | 4 | 5 | 6 | 7 | 8 | 9 | 10 | 11 | 12
Pitch Tracker	Latency	1		1.0	off | on
Pitch Tracker	TimeThresh	10		1000.0	
Pitch Tracker	16bit	1		1.0	off | on
Pitch Tracker	MinVel	10			
Pitch Tracker	Waveform	0.			sine | saw | tri | square
Pitch Tracker	Channel	0			L | R | LR
Pitch Tracker	Smooth	10		500.0	
Pitch Tracker	Tracking	1		1.0	off | on
Pitch Tracker	Gain	0.	-70.0	30.0	
Pitch Tracker	Flush			1.0	arm | trigger
Pitch Tracker	Midi	0.		1.0	off | on
Pitch Tracker	Dry/Wet	100.		100.0	
Pitch Tracker	Synth	1.		1.0	off | on
PitchCorrect Player	Loop	1		1.0	off | on
PitchCorrect Player	Quality	0.			basic | good | better
PitchCorrect Player	Correct	1		1.0	off | on
PitchCorrect Player	ZoomV	0		1.0	
PitchCorrect Player	Rev	0		1.0	off | on
PitchCorrect Player	ZoomInit			1.0	arm | trig
PitchCorrect Player	Fade	5		1000.0	
PitchCorrect Player	SelectAll			1.0	arm | trig
PitchCorrect Player	Choose			1.0	arm | trig
PitchCorrect Player	Slur	0		1000.0	
PitchCorrect Player	Sync	0		1.0	off | on
PitchCorrect Player	Thru	1		1.0	off | on
PitchCorrect Player	Formant	1		1.0	off | on
PitchCorrect Player	Start				
PitchCorrect Player	Pitch	1		1.0	off | on
PitchCorrect Player	Tuning	440	400.0	500.0	
PitchCorrect Player	Play	0		1.0	off | on
PitchCorrect Player	Drop				
PitchCorrect Player	End				
PitchCorrect Player	Gain	0.	-70.0	30.0	
PitchCorrect Player	ZoomH	0.			
PitchTime Player	Loop	1		1.0	off | on
PitchTime Player	ResetPitchTime			1.0	arm | trig
PitchTime Player	EnableTransp	1		1.0	off | on
PitchTime Player	Quality				basic | good | better | best
PitchTime Player	ZoomV	0		1.0	
PitchTime Player	Rev	0		1.0	off | on
PitchTime Player	ZoomInit			1.0	arm | trig
PitchTime Player	Fade	5		1000.0	
PitchTime Player	Choose			1.0	arm | trig
PitchTime Player	SelectAll			1.0	arm | trig
PitchTime Player	Stretch	1	0.1	10.0	
PitchTime Player	Sync	0		1.0	off | on
PitchTime Player	Thru	1		1.0	off | on
PitchTime Player	EnableFormant	1		1.0	off | on
PitchTime Player	Start				
PitchTime Player	Formant	0.	-1200.0	1200.0	
PitchTime Player	Mode				basic | mono | rhythm | general | extreme | efficient
PitchTime Player	Play	0		1.0	off | on
PitchTime Player	Drop				
PitchTime Player	Gain	0.	-70.0	30.0	
PitchTime Player	End				
PitchTime Player	Transp	0.	-2400.0	2400.0	
PitchTime Player	EnableStretch	1		1.0	off | on
PitchTime Player	PitchTime	1		1.0	off | on
PitchTime Player	ZoomH	0.			
PluggoFuzz	input_filter_gain	1.	0.001	2.0	
PluggoFuzz	intensity	3.	1.0	11.0	
PluggoFuzz	output_filter_frequency[1]	652.	20.0	16000.0	
PluggoFuzz	input_filter_mode	0.			Low Pass | High Pass | Low Shelf | High Shelf | Bandpass | Bandstop | Peak/Notch
PluggoFuzz	output_filter_Q	0.5	0.01	20.0	
PluggoFuzz	clip_mode	0.			Soft Clip | Hard Clip | Foldover | Wrap
PluggoFuzz	output_filter_mode	6.			Low Pass | High Pass | Low Shelf | High Shelf | Bandpass | Bandstop | Peak/Notch
PluggoFuzz	level	-2.	-70.0	6.0	
PluggoFuzz	output_filter_gain	0.5	0.001	2.0	
PluggoFuzz	input_filter_Q	0.5	0.01	20.0	
PluggoFuzz	input_filter_frequency	5824.5	20.0	16000.0	
PluggoFuzz	input_gain	0.	-12.0	12.0	
Poly Vocoder	Atten	1		1.0	off | on
Poly Vocoder	AmbienceThreshold	0	-10.0	10.0	
Poly Vocoder	Bus	0			1 | 2 | 3 | 4 | 5 | 6 | 7 | 8 | 9 | 10 | 11 | 12
Poly Vocoder	Quality	0.			basic | good | better | best
Poly Vocoder	Latency	1		1.0	off | on
Poly Vocoder	PreGain	0.	-70.0	30.0	
Poly Vocoder	CorrectionAmount	100		100.0	
Poly Vocoder	Fade	1000		10000.0	
Poly Vocoder	Shift	0.	-1200.0	1200.0	
Poly Vocoder	CorrectionThreshold	0		99.0	
Poly Vocoder	InitSettings			1.0	arm | trigger
Poly Vocoder	Spread	50		100.0	
Poly Vocoder	Pattern	0.			1 | 2 | 3 | 4 | 5 | 6 | 7 | 8 | 9 | 10
Poly Vocoder	Gain	0.	-70.0	30.0	
Poly Vocoder	Midi	0.		1.0	off | on
Poly Vocoder	Dry/Wet	100.		100.0	
Poly Vocoder	Clear			1.0	off | on
Poly Vocoder	Chord	57			
Poly Vocoder	SibilanceThreshold	100		500.0	
Poly Vocoder	Storage	"{'pattrstorage': {'name': 'u953001153'			
Raindrops	max_freq	5312.	1.0	20000.0	
Raindrops	wet/dry	100.		100.0	
Raindrops	min_freq	625.	1.0	20000.0	
Raindrops	resonance	137.		200.0	
Raindrops	density	500.		1000.0	
Raindrops	attack	1.		1000.0	
Raindrops	gain_overdrive	0.42		1.0	
Raindrops	decay	10.		1000.0	
Rye	grain-xfade	101.	1.0	1000.0	
Rye	fb-delay	1274.	1.0	5000.0	
Rye	grain-duration	403.	1.0	5000.0	
Rye	grain-pitch	-0.95	-10.0	10.0	
Rye	wet/dry	100.		100.0	
Rye	stereo-factor	-0.82	-3.0	3.0	
Rye	grain-period	329.	5.0	5000.0	
Rye	fb-amount	0.		700.0	
Simple Pitch Shifter	Quality	0.			basic | good | better | best
Simple Pitch Shifter	Latency	1		1.0	off | on
Simple Pitch Shifter	Glide	50		10000.0	
Simple Pitch Shifter	Gain	0.	-70.0	30.0	
Simple Pitch Shifter	Transp	0.	-2400.0	2400.0	
Simple Pitch Shifter	Dry/Wet	100.		100.0	
Space Echo	WarbleSpeed	43.			
Space Echo	wet/dry	100.		100.0	
Space Echo	lowpass	3280.		10000.0	
Space Echo	reverb_wetdry	27.200001		100.0	
Space Echo	highpass	220.		3000.0	
Space Echo	feedback	47.		100.0	
Space Echo	bpm		30.0	300.0	
Space Echo	tempo	0.			live | internal
Space Echo	clipping	0.63		1.0	
Space Echo	WarbleAmount	14.			
Space Echo	live.menu	13.			128n | 64n | 32nt | 64nd | 32n | 16nt | 32nd | 16n | 8nt | 16nd | 8n | 4nt | 8nd | 4n | 2nt | 4nd | 2n | 1nt | 2nd | 1n | 1nd
Space Echo	inertia	2.687		8.0	
Space Echo	revtime	2800.		10000.0	
Spectral Filter	wet/dry	100.		100.0	
Spectral Filter	spectral_filter	115			
Spectral Filter	randomize			1.0	off | on
Speed Shifter	left_speed	100	-400.0	400.0	
Speed Shifter	left_length	1011.		2000.0	
Speed Shifter	wet/dry	100.		100.0	
Speed Shifter	right_speed	100	-400.0	400.0	
Speed Shifter	left_feedback	50.		100.0	
Speed Shifter	feedback_clipping	50.		100.0	
Speed Shifter	right_length	1111.		2000.0	
Speed Shifter	right_feedback	50.		100.0	
SquirrelParade	dropout	0.		1.0	
SquirrelParade	matrix4_4				
SquirrelParade	matrix3_4				
SquirrelParade	matrix2_3				
SquirrelParade	fmd4	0.12		10.0	
SquirrelParade	matrix1_2				
SquirrelParade	bs_4	1.		10.0	
SquirrelParade	freq	440		2000.0	
SquirrelParade	wet/dry	100.		100.0	
SquirrelParade	grain_size	3056	4.0	96000.0	
SquirrelParade	v2	0.		1.0	
SquirrelParade	spread	27.		100.0	
SquirrelParade	matrix3_3				
SquirrelParade	matrix2_2				
SquirrelParade	matrix1_1				
SquirrelParade	window	0.27		1.0	
SquirrelParade	v3	0.		1.0	
SquirrelParade	matrix4_3				
SquirrelParade	repeat	0.		1.0	
SquirrelParade	matrix3_2				
SquirrelParade	v4	0.25		1.0	
SquirrelParade	matrix2_1				
SquirrelParade	fmd3	0.05		10.0	
SquirrelParade	bs_3	0.02		10.0	
SquirrelParade	matrix4_2				
SquirrelParade	matrix3_1				
SquirrelParade	matrix1_4				
SquirrelParade	fmd2	0.03		10.0	
SquirrelParade	bs_2	0.02		10.0	
SquirrelParade	test_01			1.0	val1 | val2
SquirrelParade	matrix4_1				
SquirrelParade	matrix2_4				
SquirrelParade	v1	0.25		1.0	
SquirrelParade	matrix1_3				
SquirrelParade	fmd1	0.17		10.0	
SquirrelParade	bs_1	1.		10.0	
Stereo Adjuster	adjust	64.			
Stutterer	note				
Stutterer	Portamento	50		100.0	
Stutterer	sync	1.		1.0	0 | 1
Stutterer	wet_dry	100.		100.0	
Stutterer	note_length	3.			1nd | 1n | 1nt | 2nd | 2n | 2nt | 4nd | 4n | 4nt | 8nd | 8n | 8nt | 16nd | 16n | 16nt | 32nd | 32n | 32nt | 64nd | 64n | 128nd | 128n
Stutterer	defaultPitch			1.0	off | on
Stutterer	ranger	64			
Stutterer	auto_trig	0.		1.0	off | on
Stutterer	reverse			1.0	L | forward | reverse
Stutterer	trigger			1.0	off | on
Stutterer	density	50		100.0	
Stutterer	Multiplier				
Stutterer	stutters	8		74.0	
Stutterer	left_freeze			1.0	0 | 1
Stutterer	stutter_time				
Stutterer	lMulti	0			
Swirl	left_modfreq	0.272		1.0	
Swirl	in_level	0.272		1.0	
Swirl	right_modfreq	0.16		1.0	
Swirl	wet_dry	100.		100.0	
Swirl	left_feedback	0.3672		0.9	
Swirl	left_delay	70.559998		210.0	
Swirl	left_moddepth	0.576		4.0	
Swirl	right_delay	114.239998		210.0	
Swirl	right_feedback	0.6912		0.9	
Swirl	right_moddepth	0.928		4.0	
Synced Player	Beats	0		255.0	
Synced Player	Warp	1		1.0	off | on
Synced Player	ResetPitchTime			1.0	arm | trig
Synced Player	EnableTransp	1		1.0	off | on
Synced Player	Quality				basic | good | better | best
Synced Player	ZoomV	0		1.0	
Synced Player	Quantize	7.			None | 8 Bars | 4 Bars | 2 Bars | 1 Bar | 1/2 | 1/2T | 1/4 | 1/4T | 1/8 | 1/8T | 1/16 | 16/T | 1/32
Synced Player	Rev	0		1.0	off | on
Synced Player	StretchMode	0			x | :
Synced Player	ZoomInit			1.0	arm | trig
Synced Player	Fade	5		1000.0	
Synced Player	SelectAll			1.0	arm | trig
Synced Player	Choose			1.0	arm | trig
Synced Player	Stretch	0			1 | 2 | 3 | 4 | 5 | 6 | 7 | 8
Synced Player	Thru	1		1.0	off | on
Synced Player	EnableFormant	1		1.0	off | on
Synced Player	Start				
Synced Player	Formant	0.	-1200.0	1200.0	
Synced Player	Mode				basic | mono | rhythm | general | extreme | efficient
Synced Player	Play	0		1.0	off | on
Synced Player	Drop				
Synced Player	QuantizeLed			1.0	off | on
Synced Player	Gain	0.	-70.0	30.0	
Synced Player	End				
Synced Player	Transp	0.	-2400.0	2400.0	
Synced Player	Bars	1		255.0	
Synced Player	ResetLength			1.0	arm | trig
Synced Player	Grid	8.	1.0	32.0	1 | 2 | 4 | 8 | 16 | 32
Synced Player	EnableStretch	1.		1.0	off | on
Synced Player	ZoomH	0.			
Tapped Delay	levels	0.71			
Tapped Delay	wet/dry	100.		100.0	
Tapped Delay	randPan			1.0	Arm | rand
Tapped Delay	feedback	18.4		100.0	
Tapped Delay	positions	0.			
Tapped Delay	bpm		30.0	300.0	
Tapped Delay	tempo	0.			live | internal
Tapped Delay	randDelay			1.0	Arm | rand
Tapped Delay	time	13.			1nd | 1n | 1nt | 2nd | 2n | 2nt | 4nd | 4n | 4nt | 8nd | 8n | 8nt | 16nd | 16n | 16nt | 32nd | 32n | 32nt | 64nd | 64n | 128nd | 128n
Tapped Delay	centerPan			1.0	Arm | center
Tremellow	freq_range				
Tremellow	phase				
Tremellow	sync	0.			internal | live
Tremellow	wet/dry	100.		100.0	
Tremellow	mod_freq_range				
Tremellow	spread	62.991982			
Tremellow	sync_division				
Tremellow	fine_freq				
Tremellow	waveform	1.		1.0	
Tremellow	frequency				
Tremellow	mod_freq				
Tremellow	amount				
Tremellow	amount_range				
Vibrato Cauldron	wet_dry	100.		100.0	
Vibrato Cauldron	feedback	91.872002		99.0	
Vibrato Cauldron	moddepth	26.4		50.0	
Vibrato Cauldron	delay	86.400002		90.0	
Vibrato Cauldron	mod_cutoff	1024.		4000.0	
Vibrato Cauldron	mod_Q	92.335999		199.0	
Vibrato Cauldron	rate	0.96		10.0	
Warpoon	T2_depth	25.		100.0	
Warpoon	wet_dry_level	100.		100.0	
Warpoon	T1_mod_freq	0.19		2.0	
Warpoon	T3_mod_freq	0.24		2.0	
Warpoon	T4_mod_freq	0.22		2.0	
Warpoon	T1_delay	51.		100.0	
Warpoon	T3_delay	53.		100.0	
Warpoon	T4_delay	47.		100.0	
Warpoon	waveform	1.			sine | triangle
Warpoon	T2_mod_freq	0.28		2.0	
Warpoon	level	0.	-70.0	6.0	
Warpoon	T4_depth	29.		100.0	
Warpoon	T2_delay	42.		100.0	
Warpoon	T1_depth	30.		100.0	
Warpoon	T3_depth	31.		100.0	
WasteBand	Hi_L	-11.105239	-70.0	6.0	
WasteBand	Low-Mid_L	3606.08008	40.0	8000.0	
WasteBand	Mid_R	-30.484369	-70.0	6.0	
WasteBand	Mid_L	-22.65724	-70.0	6.0	
WasteBand	midOD_R	30.4	-100.0	100.0	
WasteBand	loOD_L	73.599998	-100.0	100.0	
WasteBand	Low_L	-20.752001	-70.0	6.0	
WasteBand	hiOD_R	-22.4	-100.0	100.0	
WasteBand	hiOD_L	28.799999	-100.0	100.0	
WasteBand	Mid-Hi_L	1504.64001	40.0	8000.0	
WasteBand	Low_R	-14.867384	-70.0	6.0	
WasteBand	Low-Mid_R	1886.71997	40.0	8000.0	
WasteBand	Hi_R	-15.095675	-70.0	6.0	
WasteBand	loOD_R	72.	-100.0	100.0	
WasteBand	midOD_L	-41.599998	-100.0	100.0	
WasteBand	Mid-Hi_R	5134.3999	40.0	8000.0	
Waveshaper	wave	0.043137		1.0	
Waveshaper	copy_up			1.0	val1 | val2
Waveshaper	null			1.0	val1 | val2
Waveshaper	smooth			1.0	val1 | val2
Waveshaper	copy_down			1.0	val1 | val2
Wheat	pitch_rand	118		255.0	
Wheat	wet_dry	100.		100.0	
Wheat	window	172		512.0	
Wheat	scan_rate	111.		512.0	
Wheat	mod.speed	72.		512.0	
Wheat	ranger	0			
Wheat	mode.offset	0.		1.0	0 | 1
Wheat	grain	176		500.0	
Wheat	mode.freeze	0.		1.0	0 | 1
Wheat	speed	447	5.0	512.0	
Wheat	pitch	512		512.0	
Wheat	xfade	185		500.0	
Wheat	mod.amount	42.		512.0	
Wheat	live.button	0.		1.0	off | on
Wheat	variation	0.637097			
Wheat	mess	1		1.0	0 | 1
Wheat	rnd_stereo	381		512.0	
Xformer	decay	720.		10000.0	
Xformer	accent	66.400002		100.0	
Xformer	delay	0.		222.0	
Xformer	sum_inputs	0.		1.0	off | on
Xformer	steps	16.		32.0	
Xformer	attack	0.		10000.0	
Xformer	accenter	3			
Xformer	mute	3			
