Device	Parameter object	Source dictionary name	Parameter long name	Parameter short name	Varname	Type	Dictionary=longname	Min	Max	Steps
Feedback Network	obj-46	modIn-3	modIn-3	in 3	live.slider[2]	0	True	0.0	157.0	
Feedback Network	obj-34	modIn-1	modIn-1	in 1	live.slider	0	True	0.0	157.0	
Feedback Network	obj-23	RandSmooth	RandSmooth	Smooth	live.text[2]	2	True	0	1	
Feedback Network	obj-2	wet/dry	wet/dry	dry/wet	Wet/Dry	0	True	0.0	1.0	
Feedback Network	obj-176	FB-level	FB-level	FB-Level	live.dial[4]	0	True			
Feedback Network	obj-53	modIn-4	modIn-4	in 4	live.slider[3]	0	True	0.0	157.0	
Feedback Network	obj-169	AFB-Sens	AFB-Sens	Sens	live.dial[2]	0	True			
Feedback Network	obj-30	GL-Delay	GL-Delay	Delay	live.dial[8]	0	True			
Feedback Network	obj-28	GL-Freq	GL-Freq	Freq	live.dial[6]	0	True			
Feedback Network	obj-72	modIn-5	modIn-5	in 5	live.slider[4]	0	True	0.0	157.0	
Feedback Network	obj-144	AFB-Rate	AFB-Rate	Rate	live.dial	0	True			
Feedback Network	obj-42	modIn-2	modIn-2	in 2	live.slider[1]	0	True	0.0	157.0	
Feedback Network	obj-48	AutoNetRate	AutoNetRate	N Rate	live.dial[9]	0	True			
Feedback Network	obj-177	Auto-FB	Auto-FB	Auto FB	live.text	2	True	0	1	
Feedback Network	obj-60	randTrig	randTrig	randTrig	randTrig	2	True	0	1	
Feedback Network	obj-56	InLevelMinMax	InLevelMinMax	InLevelMinMax	InLevelMinMax	3	True			
Feedback Network	obj-29	GL-Q	GL-Q	Q	live.dial[7]	0	True			
Feedback Network	obj-24	AFB-Clip	AFB-Clip	Clipping	live.dial[5]	0	True			
Feedback Network	obj-175	FB-Gain	FB-Gain	Gain	live.dial[3]	0	True			
Feedback Network	obj-146	AutoGainRate	AutoGainRate	G Rate	live.dial[1]	0	True			
Feedback Network	obj-49	AutoRandNetwork	AutoRandNetwork	AutoNet	live.text[3]	2	True	0	1	
Feedback Network	obj-8	RandInLevels	RandInLevels	RandIns	live.text[1]	2	True	0	1	
FilterTaps	obj-128::obj-56	delay_rel3	delay_rel3	delay_relative	delay_relative[2]	0	True	1.0	5000.0	
FilterTaps	obj-151	[40]	[40]	time_absolute	time_absolute	0	True	1.0	5000.0	
FilterTaps	obj-128::obj-104	pitch5	pitch5	pitch	pitch[4]	0	True			
FilterTaps	obj-146	global_delay_scale	global_delay_scale	global_delay_scale	global_delay_scale	0	True	1.0	10.0	
FilterTaps	obj-128::obj-131	delay_rel4	delay_rel4	delay_relative	delay_relative[5]	0	True	1.0	5000.0	
FilterTaps	obj-128::obj-55	[5]	[5]	absolute_delay	absolute_delay[2]	0	True	1.0	5000.0	
FilterTaps	obj-128::obj-54	pitch3	pitch3	pitch	pitch[2]	0	True			
FilterTaps	obj-128::obj-79	pitch6	pitch6	pitch	pitch[3]	0	True			
FilterTaps	obj-128::obj-102	gain5	gain5	gain	gain[4]	0	True	1.0	300.0	
FilterTaps	obj-148	global_q	global_q	global_q	global_q	0	True	0.0	1.0	
FilterTaps	obj-128::obj-126	pan4	pan4	pan	pan[5]	0	True	-127.0		
FilterTaps	obj-128::obj-129	pitch4	pitch4	pitch	pitch[5]	0	True			
FilterTaps	obj-128::obj-52	gain3	gain3	gain	gain[2]	0	True	1.0	300.0	
FilterTaps	obj-128::obj-76	pan6	pan6	pan	pan[3]	0	True	-127.0		
FilterTaps	obj-152	fb_gain	fb_gain	feedback_gain	feedback_gain	0	True	0.0	1.0	
FilterTaps	obj-128::obj-105	[35]	[35]	absolute_delay	absolute_delay[4]	0	True	1.0	5000.0	
FilterTaps	obj-128::obj-127	gain[5]	gain[5]	gain	gain[5]	0	True	1.0	300.0	
FilterTaps	obj-128::obj-51	pan3	pan3	pan	pan[2]	0	True	-127.0		
FilterTaps	obj-128::obj-16	[23]	[23]	gain	gain	0	True	1.0	300.0	
FilterTaps	obj-128::obj-15	[2]	[2]	freq	freq	0	True	0.0	20000.0	
FilterTaps	obj-128::obj-12	[18]	[18]	delay_relative	delay_relative	0	True	1.0	5000.0	
FilterTaps	obj-79	dry/wet	dry/wet	dry/wet	dry/wet	1	True	0	100	
FilterTaps	obj-128::obj-78	[32]	[32]	freq	freq[3]	0	True	0.0	20000.0	
FilterTaps	obj-128::obj-81	delay_rel6	delay_rel6	delay_relative	delay_relative[3]	0	True	1.0	5000.0	
FilterTaps	obj-128::obj-103	[26]	[26]	freq	freq[4]	0	True	0.0	20000.0	
FilterTaps	obj-150	[38]	[38]	feedback_time	feedback_time	0	True	1.0	5000.0	
FilterTaps	obj-147	global_freq_scale	global_freq_scale	global_freq_scale	global_freq_scale	0	True	1.0	100.0	
FilterTaps	obj-128::obj-17	[14]	[14]	pan	pan	0	True	-127.0		
FilterTaps	obj-128::obj-130	[27]	[27]	absolute_delay	absolute_delay[5]	0	True	1.0	5000.0	
FilterTaps	obj-128::obj-13	[3]	[3]	absolute_delay	absolute_delay	0	True	1.0	5000.0	
FilterTaps	obj-128::obj-80	[34]	[34]	absolute_delay	absolute_delay[3]	0	True	1.0	5000.0	
FilterTaps	obj-128::obj-18	pan2	pan2	pan	pan[1]	0	True	-127.0		
FilterTaps	obj-128::obj-19	gain2	gain2	gain	gain[1]	0	True	1.0	300.0	
FilterTaps	obj-128::obj-21	[21]	[21]	freq	freq[1]	0	True	0.0	20000.0	
FilterTaps	obj-128::obj-53	[1]	[1]	freq	freq[2]	0	True	0.0	20000.0	
FilterTaps	obj-128::obj-101	pan5	pan5	pan	pan[4]	0	True	-127.0		
FilterTaps	obj-128::obj-22	pitch2	pitch2	pitch	pitch[1]	0	True			
FilterTaps	obj-149	global_gain	global_gain	global_gain	global_gain	0	True	-300.0	300.0	
FilterTaps	obj-128::obj-23	[22]	[22]	absolute_delay	absolute_delay[1]	0	True	1.0	5000.0	
FilterTaps	obj-128::obj-106	delay_rel5	delay_rel5	delay_relative	delay_relative[4]	0	True	1.0	5000.0	
FilterTaps	obj-128::obj-25	delay_rel2	delay_rel2	delay_relative	delay_relative[1]	0	True	1.0	5000.0	
FilterTaps	obj-128::obj-128	[15]	[15]	freq	freq[5]	0	True	0.0	20000.0	
FilterTaps	obj-128::obj-14	[30]	[30]	pitch	pitch	0	True			
FilterTaps	obj-128::obj-77	gain6	gain6	gain	gain[3]	0	True	1.0	300.0	
Flange-o-tron	obj-19	step_len	step_len	step_len	live.menu[2]	2	True	0	21	
Flange-o-tron	obj-12	wet/dry	wet/dry	wet/dry	wet/dry	0	True	0.0	100.0	
Flange-o-tron	obj-15	flange_UI	flange_UI	flange_UI	flange_UI	3	True			
Flange-o-tron	obj-72	steps	steps	steps	steps	1	True	0	255	
Flange-o-tron	obj-229	bpm	bpm	bpm	bpm	0	True	30.0	300.0	
Flange-o-tron	obj-8	reset	reset	reset	reset	2	True	0	1	
Flange-o-tron	obj-221	tempo	tempo	tempo	tempo	2	True	0	1	
Flange-o-tron	obj-6	range_slider	range_slider	range_slider	range_slider	3	True			
Flange-o-tron	obj-98	glide	glide	glide	glide	1	True	0	255	
Flange-o-tron	obj-50	step_type[1]	step_type[1]	step_type	step_type[1]	2	True	0	1	
Flange-o-tron	obj-90	view	view	view	view	2	True	0	1	
Fragulator	obj-51	buffer size	buffer size	buffer	buffer_size	0	True	16.0	11025.0	
Fragulator	obj-47	direction	direction	direction	live.tab	2	True	0	1	
Fragulator	obj-57	drop out	drop out	drop out	drop_out	0	True	0.0	1.0	
Fragulator	obj-54	amp variation	amp variation	amp var.	amp_variation	0	True	0.0	1.0	
Fragulator	obj-50	declick	declick	declick	declick	2	True	0	1	
Fragulator	obj-55	repetition	repetition	repetition	repetition	1	True	0	100	
Fragulator	obj-48	Playback Speed	Playback Speed	speed	speed	0	True	0.0	4.0	
Fragulator	obj-49	feedback	feedback	feedback	feedback	0	True	0.0	0.99	
Fragulator	obj-79	wet_dry	wet_dry	dry/wet	wet_dry	1	True	0	100	
Generic Effect	obj-11	feedback_gain	feedback_gain	feedback_gain	feedback_gain	0	True	-1.0	1.0	
Generic Effect	obj-53	ff_mod_depth	ff_mod_depth	ff_mod_depth	ff_mod_depth	0	True	0.0	100.0	
Generic Effect	obj-12	wet/dry	wet/dry	dry/wet	wet/dry	0	True	0.0	100.0	
Generic Effect	obj-55	fb_mod_depth	fb_mod_depth	fb_mod_depth	fb_mod_depth	0	True	0.0	100.0	
Generic Effect	obj-59	feedback	feedback	feedback	feedback	0	True	0.0	100.0	
Generic Effect	obj-51	ff_mod_freq	ff_mod_freq	ff_mod_freq	ff_mod_freq	0	True	0.0	50.0	
Generic Effect	obj-57	fb_mod_freq	fb_mod_freq	fb_mod_freq	fb_mod_freq	0	True	0.0	50.0	
Generic Effect	obj-48	feedforward	feedforward	feedforward	feedforward	0	True	0.0	100.0	
Generic Effect	obj-61	Feedforward	Feedforward	Feedforward Gain	Feedforward	0	True	-1.0	1.0	
Generic Effect	obj-13	input_gain	input_gain	input	input_gain	0	True	-100.0	100.0	
Granular-to-go	obj-31	playback_speed	playback_speed	playback_speed	playback_speed	0	True	0.001	10.0	
Granular-to-go	obj-24	grain_range	grain_range	grain_range	grain_range	0	True	1.0	11025.0	
Granular-to-go	obj-5	range	range	range	range	1	True	0	255	
Granular-to-go	obj-28	active_left	active_left	left_on	active_left	2	True	0	1	
Granular-to-go	obj-21	grain_size	grain_size	grain_size	grain_size	0	True	1.0	11025.0	
Granular-to-go	obj-36	playback_speed_range	playback_speed_range	playback_speed_range	playback_speed_range	0	True	0.0	10.0	
Granular-to-go	obj-27	wet_dry	wet_dry	dry/wet	wet_dry	0	True	0.0	100.0	
Granular-to-go	obj-15	pulse_range	pulse_range	pulse_range	pulse_range	0	True	0.0	1000.0	
Granular-to-go	obj-42	active_right	active_right	right_on	active_right	2	True	0	1	
Granular-to-go	obj-3	pulse_offset	pulse_offset	pulse_offset	pulse_offset	0	True	5.0	1000.0	
Granular-to-go	obj-17	min_amp	min_amp	min_amp	min_amp	1	True	0	255	
Granular-to-go	obj-18	density	density	density	density	1	True	0	100	
Granular-to-go	obj-47	randomize	randomize	randomize	randomize	2	True	0	1	
Harmonic Filter	obj-20	live.toggle	live.toggle	live.toggle	live.toggle	2	True	0	1	
Harmonic Filter	obj-49	mute5	mute5	mute5	mute5	2	True	0	1	
Harmonic Filter	obj-18	mute4	mute4	mute4	mute4	2	True	0	1	
Harmonic Filter	obj-76	seq11	seq11	seq	seq11	2	True	0	1	
Harmonic Filter	obj-96	seq22	seq22	seq	seq22	2	True	0	1	
Harmonic Filter	obj-4	mute1	mute1	mute1	randomize_cell[1]	2	True	0	1	
Harmonic Filter	obj-24	freezeAll	freezeAll	freezeAll	freezeAll	2	True	0	1	
Harmonic Filter	obj-44	slew rate	slew rate	slew rate	slew	0	True	0.0	500.0	
Harmonic Filter	obj-64	seq6	seq6	seq	seq6	2	True	0	1	
Harmonic Filter	obj-83	seq17	seq17	seq	seq17	2	True	0	1	
Harmonic Filter	obj-108	harmonic limit	harmonic limit	harmonic limit	harmonic	0	True	1.0	23.0	
Harmonic Filter	obj-109	change bug	change bug	change bug	change	2	True	0	1	
Harmonic Filter	obj-23	mult bug	mult bug	mult bug	mult	2	True	0	1	
Harmonic Filter	obj-59	seq1	seq1	seq	seq1	2	True	0	1	
Harmonic Filter	obj-75	seq12	seq12	seq	seq12	2	True	0	1	
Harmonic Filter	obj-95	seq23	seq23	seq	seq23	2	True	0	1	
Harmonic Filter	obj-63	seq7	seq7	seq	seq7	2	True	0	1	
Harmonic Filter	obj-82	seq18	seq18	seq	seq18	2	True	0	1	
Harmonic Filter	obj-58	seq2	seq2	seq	seq2	2	True	0	1	
Harmonic Filter	obj-110	frequency adder	frequency adder	frequency adder	frequency[1]	0	True	-200.0	200.0	
Harmonic Filter	obj-74	seq13	seq13	seq	seq13	2	True	0	1	
Harmonic Filter	obj-21	frequency multiplier	frequency multiplier	frequency multiplier	frequency	0	True	0.0	8.0	
Harmonic Filter	obj-86	seq25	seq25	seq	seq25	2	True	0	1	
Harmonic Filter	obj-87	seq24	seq24	seq	seq24	2	True	0	1	
Harmonic Filter	obj-54	level	level	level	level	0	True	-70.0	6.0	
Harmonic Filter	obj-62	seq8	seq8	seq	seq8	2	True	0	1	
Harmonic Filter	obj-81	seq19	seq19	seq	seq19	2	True	0	1	
Harmonic Filter	obj-19	resonance	resonance	resonance	resonance	0	True	0.0	200.0	
Harmonic Filter	obj-57	seq3	seq3	seq	seq3	2	True	0	1	
Harmonic Filter	obj-66	seq14	seq14	seq	seq14	2	True	0	1	
Harmonic Filter	obj-5	mute2	mute2	mute2	mute2	2	True	0	1	
Harmonic Filter	obj-61	seq9	seq9	seq	seq9	2	True	0	1	
Harmonic Filter	obj-80	seq20	seq20	seq	seq20	2	True	0	1	
Harmonic Filter	obj-43	diffussion rate	diffussion rate	diffussion rate	diffussion	0	True	0.0	5.0	
Harmonic Filter	obj-30	damp rate	damp rate	damp rate	damp	0	True	0.0	5.0	
Harmonic Filter	obj-56	seq4	seq4	seq	seq4	2	True	0	1	
Harmonic Filter	obj-27	rnd_range	rnd_range	rnd_range	rnd_range	0	True			
Harmonic Filter	obj-51	rand_all_period	rand_all_period	rand_all_period	rand_all_period	0	True	5.0	60000.0	
Harmonic Filter	obj-65	seq15	seq15	seq	seq15	2	True	0	1	
Harmonic Filter	obj-17	rand_all_switch	rand_all_switch	rand_all_switch	rand_all_switch	2	True	0	1	
Harmonic Filter	obj-3	rand_cell_switch	rand_cell_switch	rand_cell_switch	rand_cell_switch	2	True	0	1	
Harmonic Filter	obj-1	rand_period	rand_period	rand_period	rand_period	0	True	5.0	60000.0	
Harmonic Filter	obj-9	mute3	mute3	mute3	mute3	2	True	0	1	
Harmonic Filter	obj-47	cell_update	cell_update	cell_update	cell_update	0	True	5.0	60000.0	
Harmonic Filter	obj-46	cell_update_switch	cell_update_switch	cell_update_switch	cell_update_switch	2	True	0	1	
Harmonic Filter	obj-45	base frequency	base frequency	base frequency	base frequency	0	True	0.0	200.0	
Harmonic Filter	obj-60	seq10	seq10	seq	seq10	2	True	0	1	
Harmonic Filter	obj-97	seq21	seq21	seq	seq21	2	True	0	1	
Harmonic Filter	obj-55	seq5	seq5	seq	seq5	2	True	0	1	
Harmonic Filter	obj-107	change rate	change rate	change rate	change[1]	0	True	1.0	74.0	
Harmonic Filter	obj-84	seq16	seq16	seq	seq16	2	True	0	1	
Mangle Filter	obj-15	wet_dry	wet_dry	dry/wet	wet_dry	0	True	0.0	100.0	
Mangle Filter	obj-89	delay_range	delay_range	delay_range	delay_range	2	True	0	1	
Mangle Filter	obj-85	scalling_mode	scalling_mode	scalling_mode	scalling_mode	2	True	0	1	
Mangle Filter	obj-77	input_curve	input_curve	input_curve	input_curve	0	True	2.0	8.0	
Mangle Filter	obj-88	delay	delay	delay	delay	0	True	0.0	100.0	
Mangle Filter	obj-10	drive	drive	drive	drive	0	True	0.1	42.0	
Mangle Filter	obj-80	averaging_mode	averaging_mode	averaging_mode	averaging_mode	2	True	0	2	
Mangle Filter	obj-92	factor	factor	factor	factor	0	True	0.0	100.0	
Max AutoFilter	obj-4	FilterFreqOffset	FilterFreqOffset	Offset	FilterFreqOffset	0	True	50.0	10000.0	
Max AutoFilter	obj-17	EnvInput	EnvInput	Input	EnvInput	0	True	-70.0	30.0	
Max AutoFilter	obj-13	EnvSharpness	EnvSharpness	Sharp	EnvSharpness	0	True	-1.0	1.0	
Max AutoFilter	obj-79	EnvSmooth	EnvSmooth	Smooth	EnvSmooth	0	True	0.0	500.0	
Max AutoFilter	obj-18	FilterType	FilterType	Type	FilterType	2	True	0	7	
Max AutoFilter	obj-16	Dry/Wet	Dry/Wet	Dry/Wet	Dry/Wet	0	True	0.0	100.0	
Max AutoFilter	obj-72	EnvInterval	EnvInterval	Interval	EnvInterval	0	True	5.0	500.0	
Max AutoFilter	obj-15	FilterGain	FilterGain	Gain	FilterGain	0	True	-70.0	30.0	
Max AutoFilter	obj-14	FilterClear	FilterClear	Clear	FilterClear	2	True	0	1	
Max AutoFilter	obj-58	EnvMode	EnvMode	Mode	EnvMode	2	True	0	1	
Max AutoFilter	obj-43	FilterQ	FilterQ	Q	FilterQ	0	True	0.1	10.0	
Max AutoFilter	obj-35	FilterFreqRange	FilterFreqRange	Range	FilterFreqRange	0	True	0.0	10000.0	
Max AutoFilter	obj-41	EnvFollower	EnvFollower	Follower	EnvFollower	2	True	0	1	
Max AutoFilter	obj-77	Gain	Gain	Gain	Gain	0	True	-70.0	30.0	
Max AutoRingMod	obj-11	EnvInput	EnvInput	Input	EnvInput	0	True	-70.0	30.0	
Max AutoRingMod	obj-15	EnvSharpness	EnvSharpness	Sharp	EnvSharpness	0	True	-1.0	1.0	
Max AutoRingMod	obj-79	EnvSmooth	EnvSmooth	Smooth	EnvSmooth	0	True	0.0	500.0	
Max AutoRingMod	obj-7	Dry/Wet	Dry/Wet	Dry/Wet	Dry/Wet	0	True	0.0	100.0	
Max AutoRingMod	obj-72	EnvInterval	EnvInterval	Interval	EnvInterval	0	True	5.0	500.0	
Max AutoRingMod	obj-35	ModRange	ModRange	Range	ModRange	0	True	0.0	10000.0	
Max AutoRingMod	obj-58	EnvMode	EnvMode	Mode	EnvMode	2	True	0	1	
Max AutoRingMod	obj-18	ModOffset	ModOffset	Offset	ModOffset	0	True	0.0	10000.0	
Max AutoRingMod	obj-41	EnvFollower	EnvFollower	Follower	EnvFollower	2	True	0	1	
Max AutoRingMod	obj-77	Gain	Gain	Gain	Gain	0	True	-70.0	30.0	
Max CombFilterMulti	obj-40	Detune1	Detune1	Detune1	Detune1	0	True	-50.0	50.0	
Max CombFilterMulti	obj-17	Pitch4	Pitch4	Pitch4	Pitch4	0	True	0.0	120.0	
Max CombFilterMulti	obj-5	Dry/Wet	Dry/Wet	Dry/Wet	Dry/Wet	0	True	0.0	100.0	
Max CombFilterMulti	obj-45	Detune5	Detune5	Detune5	Detune5	0	True	-50.0	50.0	
Max CombFilterMulti	obj-52	Pitch1	Pitch1	Pitch1	Pitch1	0	True	0.0	120.0	
Max CombFilterMulti	obj-27	Input	Input	Input	Input	0	True	0.0	99.0	
Max CombFilterMulti	obj-68	Feedfwd	Feedfwd	Feedfwd	Feedfwd	0	True	0.0	99.0	
Max CombFilterMulti	obj-44	Detune4	Detune4	Detune4	Detune4	0	True	-50.0	50.0	
Max CombFilterMulti	obj-49	Pitch2	Pitch2	Pitch2	Pitch2	0	True	0.0	120.0	
Max CombFilterMulti	obj-53	Feedback	Feedback	Feedback	Feedback	0	True	0.0	99.0	
Max CombFilterMulti	obj-43	Detune3	Detune3	Detune3	Detune3	0	True	-50.0	50.0	
Max CombFilterMulti	obj-42	Pitch5	Pitch5	Pitch5	Pitch5	0	True	0.0	120.0	
Max CombFilterMulti	obj-39	Tremolo	Tremolo	Tremolo	Tremolo	0	True	0.0	1000.0	
Max CombFilterMulti	obj-63	Gain	Gain	Gain	Gain	0	True	-70.0	30.0	
Max CombFilterMulti	obj-41	Detune2	Detune2	Detune2	Detune2	0	True	-50.0	50.0	
Max CombFilterMulti	obj-16	Pitch3	Pitch3	Pitch3	Pitch3	0	True	0.0	120.0	
Max Compressor	obj-53	Mode	Mode	Mode	Mode	2	True	0	1	
Max Compressor	obj-84	LevelDetectGating	LevelDetectGating	Gating	LevelDetectGating	1	True	-90	0	91
Max Compressor	obj-50	Range	Range	Range	Range	1	True	0	36	37
Max Compressor	obj-17	SideChainFilter	SideChainFilter	SideChainFilter	SideChainFilter	2	True	0	1	
Max Compressor	obj-63	ProgressiveRelease	ProgressiveRelease	ProgRel	ProgressiveRelease	1	True	0	100	101
Max Compressor	obj-47	AGC	AGC	AGC	AGC	2	True	0	1	
Max Compressor	obj-46	Delay	Delay	Delay	Delay	1	True	0	100	101
Max Compressor	obj-91	Preset	Preset	Preset	Preset	2	True	0	4	
Max Compressor	obj-74	ChannelCoupling	ChannelCoupling	ChannelCoupling	ChannelCoupling	2	True	0	2	
Max Compressor	obj-35	Release	Release	Release	Release	1	True	0	150	151
Max Compressor	obj-44	Meters	Meters	Meters	Meters	2	True	0	1	
Max Compressor	obj-19	Gain	Gain	Gain	Gain	0	True	-70.0	30.0	
Max Compressor	obj-12	Attack	Attack	Attack	Attack	1	True	0	150	151
Max Compressor	obj-81	DownExpandThresh	DownExpandThresh	Thresh	DownExpandThresh	1	True	-90	0	91
Max Compressor	obj-77	DownExpandEnable	DownExpandEnable	Enable	DownExpandEnable	2	True	0	1	
Max Compressor	obj-8	DualBand	DualBand	DualBand	DualBand	2	True	0	1	
Max Compressor	obj-57	Ratio	Ratio	Ratio	Ratio	1	True	0	100	101
Max Compressor	obj-31	Limiter	Limiter	Limiter	Limiter	2	True	0	1	
Max Compressor	obj-67	SmoothGain	SmoothGain	Smooth	SmoothGain	1	True	0	100	101
Max Compressor	obj-56	MetersRate	MetersRate	MetersRate	MetersRate	0	True	0.0	250.0	51
Max Compressor	obj-54	Bypass	Bypass	Bypass	Bypass	2	True	0	1	
Max Compressor	obj-88	LevelDetectFreeze	LevelDetectFreeze	Freeze	LevelDetectFreeze	1	True	-90	0	91
Max Compressor	obj-66	Thresh	Thresh	Thresh	Thresh	1	True	-36	0	37
Max CutKiller	obj-70	Beat	Beat	Beat	Beat	2	True	0	1	
Max CutKiller	obj-51	Weight[3]	Weight[3]	Weight[3]	Weight[3]	1	True	0	10	
Max CutKiller	obj-27	Select[6]	Select[6]	Select[6]	Select[6]	2	True	0	1	
Max CutKiller	obj-47	Interval[2]	Interval[2]	Interval[2]	Interval[2]	2	True	0	20	
Max CutKiller	obj-17	Weight[6]	Weight[6]	Weight[6]	Weight[6]	1	True	0	10	
Max CutKiller	obj-59	Go	Go	Go	Go	2	True	0	1	
Max CutKiller	obj-23	Rest	Rest	Rest	Rest	2	True	0	1	
Max CutKiller	obj-52	Weight[4]	Weight[4]	Weight[4]	Weight[4]	1	True	0	10	
Max CutKiller	obj-8	Interval[7]	Interval[7]	Interval[7]	Interval[7]	2	True	0	20	
Max CutKiller	obj-122	FadeCurve	FadeCurve	Curve	FadeCurve	0	True	-1.0	1.0	
Max CutKiller	obj-45	Interval[1]	Interval[1]	Interval[1]	Interval[1]	2	True	0	20	
Max CutKiller	obj-13	Weight[8]	Weight[8]	Weight[8]	Weight[8]	1	True	0	10	
Max CutKiller	obj-15	Weight[7]	Weight[7]	Weight[7]	Weight[7]	1	True	0	10	
Max CutKiller	obj-40	ChangeProb	ChangeProb	ChangeProb	ChangeProb	1	True	0	100	
Max CutKiller	obj-78	Select[1]	Select[1]	Select[1]	Select[1]	2	True	0	1	
Max CutKiller	obj-28	Play	Play	Play	Play	2	True	0	1	
Max CutKiller	obj-41	Interval[8]	Interval[8]	Interval[8]	Interval[8]	2	True	0	20	
Max CutKiller	obj-5	Select[7]	Select[7]	Select[7]	Select[7]	2	True	0	1	
Max CutKiller	obj-43	Interval[3]	Interval[3]	Interval[3]	Interval[3]	2	True	0	20	
Max CutKiller	obj-11	Interval[5]	Interval[5]	Interval[5]	Interval[5]	2	True	0	20	
Max CutKiller	obj-58	Change	Change	Change	Change	2	True	0	1	
Max CutKiller	obj-116	Dry/wet	Dry/wet	Dry/wet	Dry/wet	0	True	0.0	100.0	
Max CutKiller	obj-37	Select[8]	Select[8]	Select[8]	Select[8]	2	True	0	1	
Max CutKiller	obj-79	Select[2]	Select[2]	Select[2]	Select[2]	2	True	0	1	
Max CutKiller	obj-53	RestProb	RestProb	RestProb	RestProb	1	True	0	100	
Max CutKiller	obj-39	Interval[4]	Interval[4]	Interval[4]	Interval[4]	2	True	0	20	
Max CutKiller	obj-21	Select[5]	Select[5]	Select[5]	Select[5]	2	True	0	1	
Max CutKiller	obj-61	NoChange	NoChange	NoChange	NoChange	2	True	0	1	
Max CutKiller	obj-81	Select[3]	Select[3]	Select[3]	Select[3]	2	True	0	1	
Max CutKiller	obj-224	FadeIn	FadeIn	FadeIn	FadeIn	0	True	0.0	10.0	
Max CutKiller	obj-65	Pulse	Pulse	Pulse	Pulse	2	True	0	1	
Max CutKiller	obj-38	OnOff	OnOff	OnOff	OnOff	2	True	0	1	
Max CutKiller	obj-48	Weight[1]	Weight[1]	Weight[1]	Weight[1]	1	True	0	10	
Max CutKiller	obj-10	Interval[6]	Interval[6]	Interval[6]	Interval[6]	2	True	0	20	
Max CutKiller	obj-29	Gain	Gain	Gain	Gain	0	True	-70.0	30.0	
Max CutKiller	obj-19	Weight[5]	Weight[5]	Weight[5]	Weight[5]	1	True	0	10	
Max CutKiller	obj-82	Select[4]	Select[4]	Select[4]	Select[4]	2	True	0	1	
Max CutKiller	obj-63	Reset	Reset	Reset	Reset	2	True	0	1	
Max CutKiller	obj-164	FadeOut	FadeOut	FadeOut	FadeOut	2	True	0	6	
Max CutKiller	obj-69	Count	Count	Count	Count	1	True	1	16	
Max CutKiller	obj-49	Weight[2]	Weight[2]	Weight[2]	Weight[2]	1	True	0	10	
Max DelayMultiBand	obj-13	LowXFreq	LowXFreq	LoXFreq	LowXFreq	0	True	50.0	10000.0	
Max DelayMultiBand	obj-2	EffectGain	EffectGain	Effect	EffectGain	0	True	-70.0	30.0	
Max DelayMultiBand	obj-112	HighDelL	HighDelL	HiDelL	HighDelL	0	True	0.0	2000.0	41
Max DelayMultiBand	obj-5	MidFB	MidFB	MidFB	MidFB	0	True	0.0	99.0	
Max DelayMultiBand	obj-32	LowEnable	LowEnable	LowEnable	LowEnable	2	True	0	1	
Max DelayMultiBand	obj-11	LowDelR	LowDelR	LoDelR	LowDelR	0	True	0.0	2000.0	41
Max DelayMultiBand	obj-43	HighEnable	HighEnable	HighEnable	HighEnable	2	True	0	1	
Max DelayMultiBand	obj-8	HighGain	HighGain	High	HighGain	0	True	-70.0	30.0	
Max DelayMultiBand	obj-108	MidDelR	MidDelR	MidDelR	MidDelR	0	True	0.0	2000.0	41
Max DelayMultiBand	obj-14	HighXFreq	HighXFreq	HiXFreq	HighXFreq	0	True	50.0	10000.0	
Max DelayMultiBand	obj-6	MidGain	MidGain	Mid	MidGain	0	True	-70.0	30.0	
Max DelayMultiBand	obj-111	HighDelR	HighDelR	HiDelR	HighDelR	0	True	0.0	2000.0	41
Max DelayMultiBand	obj-109	MidDelL	MidDelL	MidDelL	MidDelL	0	True	0.0	2000.0	41
Max DelayMultiBand	obj-22	LowDelL	LowDelL	LoDelL	LowDelL	0	True	0.0	2000.0	41
Max DelayMultiBand	obj-12	HighFB	HighFB	HiFB	HighFB	0	True	0.0	99.0	
Max DelayMultiBand	obj-38	MidEnable	MidEnable	MidEnable	MidEnable	2	True	0	1	
Max DelayMultiBand	obj-9	DirectGain	DirectGain	Direct	DirectGain	0	True	-70.0	30.0	
Max DelayMultiBand	obj-4	Lowgain	Lowgain	Low	Lowgain	0	True	-70.0	30.0	
Max DelayMultiBand	obj-15	LowFB	LowFB	LoFB	LowFB	0	True	0.0	99.0	
Max DelayTaps	obj-68	LevelsDistr	LevelsDistr	Distr	LevelsDistr	0	True	-1.0	1.0	
Max DelayTaps	obj-48	Pans	Pans	Pans	Pans	3	True			
Max DelayTaps	obj-21	PansMax	PansMax	Max	PansMax	0	True	-50.0	50.0	
Max DelayTaps	obj-54	DelaysMin	DelaysMin	Min	DelaysMin	0	True	0.0	5000.0	
Max DelayTaps	obj-10	LevelsShape	LevelsShape	Shape	LevelsShape	0	True	-1.0	1.0	
Max DelayTaps	obj-70	PansDistr	PansDistr	Distr	PansDistr	0	True	-1.0	1.0	
Max DelayTaps	obj-46	Levels	Levels	Levels	Levels	3	True			
Max DelayTaps	obj-45	Delays	Delays	Delays	Delays	3	True			
Max DelayTaps	obj-23	PansMin	PansMin	Min	PansMin	0	True	-50.0	50.0	
Max DelayTaps	obj-17	Dry/Wet	Dry/Wet	Dry/Wet	Dry/Wet	0	True	0.0	100.0	
Max DelayTaps	obj-9	DelaysShape	DelaysShape	Shape	DelaysShape	0	True	-1.0	1.0	
Max DelayTaps	obj-2	MasterGain	MasterGain	Master	MasterGain	0	True	-70.0	30.0	
Max DelayTaps	obj-12	LevelsMax	LevelsMax	Max	LevelsMax	0	True	0.0	100.0	
Max DelayTaps	obj-47	Feedback	Feedback	Feedback	Feedback	0	True	0.0	99.0	
Max DelayTaps	obj-7	Taps	Taps	Taps	Taps	1	True	2	32	
Max DelayTaps	obj-63	DelaysDistr	DelaysDistr	Distr	DelaysDistr	0	True	-1.0	1.0	
Max DelayTaps	obj-14	LevelsMin	LevelsMin	Min	LevelsMin	0	True	0.0	100.0	
Max DelayTaps	obj-11	DelaysMax	DelaysMax	Max	DelaysMax	0	True	0.0	5000.0	
Max DelayTaps	obj-13	PansShape	PansShape	Shape	PansShape	0	True	-1.0	1.0	
Max DopplerPan	obj-48	PositionMode	PositionMode	Mode	PositionMode	2	True	0	1	
Max DopplerPan	obj-5	Activate	Activate	Activate	Activate	2	True	0	1	
Max DopplerPan	obj-46	PositionFree	PositionFree	Free	PositionFree	0	True	0.0	100.0	
Max DopplerPan	obj-51	RateUnit	RateUnit	Unit	RateUnit	2	True	0	20	
Max DopplerPan	obj-45	RateRand	RateRand	Rand	RateRand	0	True	0.0	100.0	
Max DopplerPan	obj-10	Output	Output	Output	Output	0	True	-70.0	30.0	
Max DopplerPan	obj-145	DistanceMax	DistanceMax	Max	DistanceMax	0	True	1.0	200.0	
Max DopplerPan	obj-11	Source	Source	Source	Source	0	True	-70.0	30.0	
Max DopplerPan	obj-144	DistanceMin	DistanceMin	Min	DistanceMin	0	True	1.0	100.0	
Max DopplerPan	obj-65	RateMult	RateMult	Mult	RateMult	1	True	1	100	
Max EffectMatrix	obj-14	InputGain	InputGain	Gain	InputGain	0	True	-70.0	30.0	
Max EffectMatrix	obj-54	ShiftGain	ShiftGain	Gain	ShiftGain	0	True	-70.0	30.0	
Max EffectMatrix	obj-5	ShiftL	ShiftL	ShiftL	ShiftL	0	True	0.0	1000.0	
Max EffectMatrix	obj-13	OutputGain	OutputGain	Gain	OutputGain	0	True	-70.0	30.0	
Max EffectMatrix	obj-11	DelayR	DelayR	DelayR	DelayR	0	True	0.0	2000.0	41
Max EffectMatrix	obj-10	DelayL	DelayL	DelayL	DelayL	0	True	0.0	2000.0	41
Max EffectMatrix	obj-53	CombFeedback	CombFeedback	Feedback	CombFeedback	0	True	0.0	99.0	
Max EffectMatrix	obj-57	MatrixClear	MatrixClear	MatrixClear	MatrixClear	2	True	0	1	
Max EffectMatrix	obj-4	Matrix	Matrix	Matrix	Matrix	3	True			
Max EffectMatrix	obj-52	CombPitchL	CombPitchL	PitchL	CombPitchL	0	True	0.0	120.0	
Max EffectMatrix	obj-15	DelayFeedback	DelayFeedback	Feedback	DelayFeedback	0	True	0.0	99.0	
Max EffectMatrix	obj-56	DelayGain	DelayGain	Gain	DelayGain	0	True	-70.0	30.0	
Max EffectMatrix	obj-49	CombPitchR	CombPitchR	PitchR	CombPitchR	0	True	0.0	120.0	
Max EffectMatrix	obj-55	CombGain	CombGain	Gain	CombGain	0	True	-70.0	30.0	
Max EffectMatrix	obj-28	ShiftR	ShiftR	ShiftR	ShiftR	0	True	0.0	1000.0	
Max EnvFollower	obj-41	Follower	Follower	Follower	Follower	2	True	0	1	
Max EnvFollower	obj-79	Smoothing	Smoothing	Smooth	Smoothing	0	True	0.0	500.0	
Max EnvFollower	obj-61	Oscill	Oscill	Oscill	Oscill	0	True	-70.0	30.0	
Max EnvFollower	obj-15	Sharpness	Sharpness	Sharp	Sharpness	0	True	-1.0	1.0	
Max EnvFollower	obj-11	Input	Input	Input	Input	0	True	-70.0	30.0	
Max EnvFollower	obj-58	Mode	Mode	Mode	Mode	2	True	0	1	
Max EnvFollower	obj-72	Interval	Interval	Interval	Interval	0	True	5.0	500.0	
Max EnvFollower	obj-60	Source	Source	Source	Source	0	True	-70.0	30.0	
Max EqGraphic31	obj-39	Band[9]	Band[9]	Band[9]	Band[9]	0	True	-30.0	30.0	
Max EqGraphic31	obj-44	Band[4]	Band[4]	Band[4]	Band[4]	0	True	-30.0	30.0	
Max EqGraphic31	obj-112	GlobalQ	GlobalQ	GlobalQ	GlobalQ	0	True	0.1	10.0	
Max EqGraphic31	obj-28	Band[28]	Band[28]	Band[28]	Band[28]	0	True	-30.0	30.0	
Max EqGraphic31	obj-11	Band[23]	Band[23]	Band[23]	Band[23]	0	True	-30.0	30.0	
Max EqGraphic31	obj-16	Band[18]	Band[18]	Band[18]	Band[18]	0	True	-30.0	30.0	
Max EqGraphic31	obj-32	Band[13]	Band[13]	Band[13]	Band[13]	0	True	-30.0	30.0	
Max EqGraphic31	obj-40	Band[8]	Band[8]	Band[8]	Band[8]	0	True	-30.0	30.0	
Max EqGraphic31	obj-45	Band[3]	Band[3]	Band[3]	Band[3]	0	True	-30.0	30.0	
Max EqGraphic31	obj-48	Flat	Flat	Flat	Flat	2	True	0	1	
Max EqGraphic31	obj-27	Band[27]	Band[27]	Band[27]	Band[27]	0	True	-30.0	30.0	
Max EqGraphic31	obj-12	Band[22]	Band[22]	Band[22]	Band[22]	0	True	-30.0	30.0	
Max EqGraphic31	obj-17	Band[17]	Band[17]	Band[17]	Band[17]	0	True	-30.0	30.0	
Max EqGraphic31	obj-35	Band[12]	Band[12]	Band[12]	Band[12]	0	True	-30.0	30.0	
Max EqGraphic31	obj-77	MasterGain	MasterGain	Master	MasterGain	0	True	-70.0	30.0	
Max EqGraphic31	obj-47	Band[1]	Band[1]	Band[1]	Band[1]	0	True	-30.0	30.0	
Max EqGraphic31	obj-41	Band[7]	Band[7]	Band[7]	Band[7]	0	True	-30.0	30.0	
Max EqGraphic31	obj-46	Band[2]	Band[2]	Band[2]	Band[2]	0	True	-30.0	30.0	
Max EqGraphic31	obj-31	Band[31]	Band[31]	Band[31]	Band[31]	0	True	-30.0	30.0	
Max EqGraphic31	obj-5	Band[26]	Band[26]	Band[26]	Band[26]	0	True	-30.0	30.0	
Max EqGraphic31	obj-13	Band[21]	Band[21]	Band[21]	Band[21]	0	True	-30.0	30.0	
Max EqGraphic31	obj-18	Band[16]	Band[16]	Band[16]	Band[16]	0	True	-30.0	30.0	
Max EqGraphic31	obj-36	Band[11]	Band[11]	Band[11]	Band[11]	0	True	-30.0	30.0	
Max EqGraphic31	obj-42	Band[6]	Band[6]	Band[6]	Band[6]	0	True	-30.0	30.0	
Max EqGraphic31	obj-30	Band[30]	Band[30]	Band[30]	Band[30]	0	True	-30.0	30.0	
Max EqGraphic31	obj-9	Band[25]	Band[25]	Band[25]	Band[25]	0	True	-30.0	30.0	
Max EqGraphic31	obj-14	Band[20]	Band[20]	Band[20]	Band[20]	0	True	-30.0	30.0	
Max EqGraphic31	obj-23	Band[15]	Band[15]	Band[15]	Band[15]	0	True	-30.0	30.0	
Max EqGraphic31	obj-38	Band[10]	Band[10]	Band[10]	Band[10]	0	True	-30.0	30.0	
Max EqGraphic31	obj-43	Band[5]	Band[5]	Band[5]	Band[5]	0	True	-30.0	30.0	
Max EqGraphic31	obj-4	Band[29]	Band[29]	Band[29]	Band[29]	0	True	-30.0	30.0	
Max EqGraphic31	obj-8	Band[24]	Band[24]	Band[24]	Band[24]	0	True	-30.0	30.0	
Max EqGraphic31	obj-15	Band[19]	Band[19]	Band[19]	Band[19]	0	True	-30.0	30.0	
Max EqGraphic31	obj-19	Band[14]	Band[14]	Band[14]	Band[14]	0	True	-30.0	30.0	
Max EqParametric4	obj-57	Gain[4]	Gain[4]	Gain	Gain[4]	0	True	-70.0	30.0	
Max EqParametric4	obj-53	Q[3]	Q[3]	Q	Q[3]	0	True	0.1	10.0	
Max EqParametric4	obj-44	Active[2]	Active[2]	Active	Active[2]	2	True	0	1	
Max EqParametric4	obj-70	Freq[1]	Freq[1]	Freq	Freq[1]	0	True	50.0	18000.0	
Max EqParametric4	obj-58	Freq[4]	Freq[4]	Freq	Freq[4]	0	True	50.0	18000.0	
Max EqParametric4	obj-49	Type[3]	Type[3]	Type	Type[3]	2	True	0	8	
Max EqParametric4	obj-45	Gain[2]	Gain[2]	Gain	Gain[2]	0	True	-70.0	30.0	
Max EqParametric4	obj-43	Q[1]	Q[1]	Q	Q[1]	0	True	0.1	10.0	
Max EqParametric4	obj-13	MasterGain	MasterGain	Master	MasterGain	0	True	-70.0	30.0	
Max EqParametric4	obj-59	Q[4]	Q[4]	Q	Q[4]	0	True	0.1	10.0	
Max EqParametric4	obj-50	Active[3]	Active[3]	Active	Active[3]	2	True	0	1	
Max EqParametric4	obj-46	Freq[2]	Freq[2]	Freq	Freq[2]	0	True	50.0	18000.0	
Max EqParametric4	obj-18	Type[1]	Type[1]	Type	Type[1]	2	True	0	8	
Max EqParametric4	obj-10	FilterClear	FilterClear	Clear	FilterClear	2	True	0	1	
Max EqParametric4	obj-55	Type[4]	Type[4]	Type	Type[4]	2	True	0	8	
Max EqParametric4	obj-51	Gain[3]	Gain[3]	Gain	Gain[3]	0	True	-70.0	30.0	
Max EqParametric4	obj-47	Q[2]	Q[2]	Q	Q[2]	0	True	0.1	10.0	
Max EqParametric4	obj-19	Active[1]	Active[1]	Active	Active[1]	2	True	0	1	
Max EqParametric4	obj-56	Active[4]	Active[4]	Active	Active[4]	2	True	0	1	
Max EqParametric4	obj-52	Freq[3]	Freq[3]	Freq	Freq[3]	0	True	50.0	18000.0	
Max EqParametric4	obj-14	Reset	Reset	Reset	Reset	2	True	0	1	
Max EqParametric4	obj-42	Type[2]	Type[2]	Type	Type[2]	2	True	0	8	
Max EqParametric4	obj-23	Gain[1]	Gain[1]	Gain	Gain[1]	0	True	-70.0	30.0	
Max EqShelving	obj-13	LowXFreq	LowXFreq	LoXFreq	LowXFreq	0	True	50.0	10000.0	
Max EqShelving	obj-32	LowEnable	LowEnable	LowEnable	LowEnable	2	True	0	1	
Max EqShelving	obj-2	MasterGain	MasterGain	Master	MasterGain	0	True	-70.0	30.0	
Max EqShelving	obj-43	HighEnable	HighEnable	HighEnable	HighEnable	2	True	0	1	
Max EqShelving	obj-8	HighGain	HighGain	High	HighGain	0	True	-70.0	30.0	
Max EqShelving	obj-14	HighXFreq	HighXFreq	HiXFreq	HighXFreq	0	True	50.0	10000.0	
Max EqShelving	obj-6	MidGain	MidGain	Mid	MidGain	0	True	-70.0	30.0	
Max EqShelving	obj-38	MidEnable	MidEnable	MidEnable	MidEnable	2	True	0	1	
Max EqShelving	obj-4	Lowgain	Lowgain	Low	Lowgain	0	True	-70.0	30.0	
Max SignalAnalyzer	obj-4	Interval	Interval	Interval	Interval	0	True	10.0	1000.0	
Max SignalAnalyzer	obj-112	Sense	Sense	Sense	Sense	0	True	1.0	100.0	
Max SpectralDelay	obj-29	Delays	Delays	Delays	Delays	3	True			
Max SpectralDelay	obj-25	Dry/Wet	Dry/Wet	Dry/Wet	Dry/Wet	0	True	0.0	100.0	
Max SpectralDelay	obj-35	Feedbacks	Feedbacks	Feedbacks	Feedbacks	3	True			
Max SpectralDelay	obj-10	DelayRange	DelayRange	Range	DelayRange	0	True	0.0	5000.0	101
Max SpectralDelay	obj-20	FeedbackRandStep	FeedbackRandStep	Step	FeedbackRandStep	1	True	2	256	
Max SpectralDelay	obj-18	DelayRandStep	DelayRandStep	Step	DelayRandStep	1	True	2	256	
Max SpectralDelay	obj-15	FeedbackRange	FeedbackRange	Feedback	FeedbackRange	0	True	0.0	99.0	
Max SpectralDelay	obj-21	FeedbackRand	FeedbackRand	Rand	FeedbackRand	2	True	0	1	
Max SpectralDelay	obj-17	DelayRand	DelayRand	Rand	DelayRand	2	True	0	1	
Max SpectralDelay	obj-2	Gain	Gain	Gain	Gain	0	True	-70.0	30.0	
Max SpectralHarm	obj-51	ModeR	ModeR	ModeR	ModeR	0	True	0.0	1.0	
Max SpectralHarm	obj-13	ShiftL	ShiftL	ShiftL	ShiftL	0	True	-200.0	200.0	
Max SpectralHarm	obj-49	DelayR	DelayR	DelayR	DelayR	0	True	0.0	2500.0	101
Max SpectralHarm	obj-25	Dry/Wet	Dry/Wet	Dry/Wet	Dry/Wet	0	True	0.0	100.0	
Max SpectralHarm	obj-14	BeatL	BeatL	BeatL	BeatL	0	True	0.0	7.0	
Max SpectralHarm	obj-10	DelayL	DelayL	DelayL	DelayL	0	True	0.0	2500.0	101
Max SpectralHarm	obj-20	DetuneR	DetuneR	DetuneR	DetuneR	1	True	-50	50	101
Max SpectralHarm	obj-21	PanR	PanR	PanR	PanR	0	True	-50.0	50.0	
Max SpectralHarm	obj-29	TranspL	TranspL	TranspL	TranspL	1	True	-24	24	51
Max SpectralHarm	obj-48	BeatR	BeatR	BeatR	BeatR	0	True	0.0	7.0	
Max SpectralHarm	obj-15	Feedback	Feedback	Feedback	Feedback	0	True	0.0	99.0	
Max SpectralHarm	obj-17	DetuneL	DetuneL	DetuneL	DetuneL	1	True	-50	50	101
Max SpectralHarm	obj-23	PanL	PanL	PanL	PanL	0	True	-50.0	50.0	
Max SpectralHarm	obj-2	Gain	Gain	Gain	Gain	0	True	-70.0	30.0	
Max SpectralHarm	obj-43	TranspR	TranspR	TranspR	TranspR	1	True	-24	24	51
Max SpectralHarm	obj-16	ModeL	ModeL	ModeL	ModeL	0	True	0.0	1.0	
Max SpectralHarm	obj-41	ShiftR	ShiftR	ShiftR	ShiftR	0	True	-200.0	200.0	
Microtuner	obj-27	AmbienceThreshold	AmbienceThreshold	Threshold	AmbienceThreshold	0	True	-10.0	10.0	
Microtuner	obj-59	SnapToGrid	SnapToGrid	Snap	SnapToGrid	2	True	0	1	
Microtuner	obj-74	Quality	Quality	Quality	Quality	2	True	0	3	
Microtuner	obj-54	Latency	Latency	Latency	Latency	2	True	0	1	
Microtuner	obj-16	CorrectionAmount	CorrectionAmount	Amount	CorrectionAmount	0	True	0.0	100.0	
Microtuner	obj-73	Tonic	Tonic	Tonic	Tonic	2	True	0	11	
Microtuner	obj-66	InitScale	InitScale	Init	InitScale	2	True	0	1	
Microtuner	obj-20	CorrectionThreshold	CorrectionThreshold	Threshold	CorrectionThreshold	0	True	0.0	99.0	
Microtuner	obj-72	Points	Points	Points	Points	1	True	2	256	
Microtuner	obj-3	InitSettings	InitSettings	Init	InitSettings	2	True	0	1	
Microtuner	obj-52	GridResol	GridResol	Resolution	GridResol	1	True	1	256	1200
Microtuner	obj-60	Pattern	Pattern	Pattern	Pattern	2	True	0	11	
Microtuner	obj-31	Gain	Gain	Gain	Gain	0	True	-70.0	30.0	
Microtuner	obj-8	Dry/Wet	Dry/Wet	Dry/Wet	Dry/Wet	0	True	0.0	100.0	
Microtuner	obj-21	SibilanceThreshold	SibilanceThreshold	Sibilance	SibilanceThreshold	0	True	0.0	500.0	
Microtuner	obj-32	Scale	Scale	Scale	Scale	3	True			
Microtuner	obj-15	Storage	Storage	Storage	u598001353	3	True			
Microtuner	obj-58	Import	Import	Import	Import	2	True	0	1	
Mono Vocoder	obj-27	AmbienceThreshold	AmbienceThreshold	Threshold	AmbienceThreshold	0	True	-10.0	10.0	
Mono Vocoder	obj-82	Bus	Bus	Bus	Bus	2	True	0	11	
Mono Vocoder	obj-74	Quality	Quality	Quality	Quality	2	True	0	3	
Mono Vocoder	obj-10	Detune	Detune	Detune	Detune	0	True	-100.0	100.0	201
Mono Vocoder	obj-54	Latency	Latency	Latency	Latency	2	True	0	1	
Mono Vocoder	obj-16	CorrectionAmount	CorrectionAmount	Amount	CorrectionAmount	0	True	0.0	100.0	
Mono Vocoder	obj-5	Glide	Glide	Glide	Glide	0	True	0.0	10000.0	
Mono Vocoder	obj-20	CorrectionThreshold	CorrectionThreshold	Threshold	CorrectionThreshold	0	True	0.0	99.0	
Mono Vocoder	obj-3	InitSettings	InitSettings	Init	InitSettings	2	True	0	1	
Mono Vocoder	obj-12	Pitch	Pitch	Pitch	Pitch	1	True	0	255	
Mono Vocoder	obj-31	Gain	Gain	Gain	Gain	0	True	-70.0	30.0	
Mono Vocoder	obj-73	Midi	Midi	Midi	Midi	2	True	0	1	
Mono Vocoder	obj-8	Dry/Wet	Dry/Wet	Dry/Wet	Dry/Wet	0	True	0.0	100.0	
Mono Vocoder	obj-21	SibilanceThreshold	SibilanceThreshold	Threshold	SibilanceThreshold	0	True	0.0	500.0	
MonsterCrunch	obj-72	lowpass-resonance	lowpass-resonance	res	live.dial[7]	0	True	0.0	0.99	
MonsterCrunch	obj-62	low-freq-depth	low-freq-depth	depth	live.dial[2]	1	True	0	200	
MonsterCrunch	obj-59	Initial Gain	Initial Gain	Gain	Initial Gain	0	True	0.0	360.0	
MonsterCrunch	obj-66	hi-freq-offset	hi-freq-offset	offset	live.dial[4]	0	True	0.0	1.0	
MonsterCrunch	obj-73	wet-dry	wet-dry	dry/wet	wet-dry	1	True	0	100	
MonsterCrunch	obj-71	filter-cutoff	filter-cutoff	cutoff	live.dial[6]	0	True	0.0	4000.0	
MonsterCrunch	obj-61	low-freq-offset	low-freq-offset	offset	live.dial[1]	0	True	0.0	1.0	
MonsterCrunch	obj-20	level	level	out level	live.gain~	0	True	-70.0	6.0	
MonsterCrunch	obj-67	hi-mod-freq	hi-mod-freq	freq	live.dial[5]	0	True	0.0	100.0	
MonsterCrunch	obj-65	hi-freq-depth	hi-freq-depth	depth	live.dial[3]	1	True	0	200	
MonsterCrunch	obj-60	low-mod-freq	low-mod-freq	freq	live.dial	1	True	0	100	
Multi Harmonizer	obj-30	Atten	Atten	Atten	Atten	2	True	0	1	
Multi Harmonizer	obj-216	VibDepth	VibDepth	Depth	VibDepth	0	True	0.0	1200.0	241
Multi Harmonizer	obj-126	VibOscAmount	VibOscAmount	Amount	VibOscAmount	0	True	0.0	100.0	
Multi Harmonizer	obj-82	Bus	Bus	Bus	Bus	2	True	0	11	
Multi Harmonizer	obj-74	Quality	Quality	Quality	Quality	2	True	0	3	
Multi Harmonizer	obj-54	Latency	Latency	Latency	Latency	2	True	0	1	
Multi Harmonizer	obj-23	PreGain	PreGain	Gain	PreGain	0	True	-70.0	30.0	
Multi Harmonizer	obj-210	VibDirection	VibDirection	Direction	VibDirection	2	True	0	2	
Multi Harmonizer	obj-202	VibOscEnable	VibOscEnable	Enable	VibOscEnable	2	True	0	1	
Multi Harmonizer	obj-75	Fade	Fade	Fade	Fade	0	True	0.0	10000.0	
Multi Harmonizer	obj-71	Shift	Shift	Shift	Shift	0	True	-1200.0	1200.0	481
Multi Harmonizer	obj-211	VibEnable	VibEnable	Enable	VibEnable	2	True	0	1	
Multi Harmonizer	obj-215	VibRate	VibRate	Rate	VibRate	0	True	0.0	100.0	
Multi Harmonizer	obj-27	Spread	Spread	Spread	Spread	0	True	0.0	100.0	
Multi Harmonizer	obj-204	VibNoiseAmount	VibNoiseAmount	Amount	VibNoiseAmount	0	True	0.0	100.0	
Multi Harmonizer	obj-17	Pattern	Pattern	Pattern	Pattern	2	True	0	9	
Multi Harmonizer	obj-31	Gain	Gain	Gain	Gain	0	True	-70.0	30.0	
Multi Harmonizer	obj-73	Midi	Midi	Midi	Midi	2	True	0	1	
Multi Harmonizer	obj-8	Dry/Wet	Dry/Wet	Dry/Wet	Dry/Wet	0	True	0.0	100.0	
Multi Harmonizer	obj-63	Clear	Clear	Clear	Clear	2	True	0	1	
Multi Harmonizer	obj-3	Chord	Chord	Chord	Chord	3	True			
Multi Harmonizer	obj-203	VibNoiseEnable	VibNoiseEnable	Enable	VibNoiseEnable	2	True	0	1	
Multi Harmonizer	obj-11	Storage	Storage	Storage	u399000575	3	True			
Nebula	obj-56	level	level	level	level	0	True	-70.0	6.0	
Nebula	obj-8	interval	interval	interval	interval	2	True	0	20	
Nebula	obj-22	nebula-depth	nebula-depth	depth	nebula-depth	1	True	0	100	
Nebula	obj-16	clock	clock	clock	clock	2	True	0	1	
Nebula	obj-54	swirl-activity	swirl-activity	activity	swirl-activity	1	True	0	100	
Noyzckippr	obj-8	noise_gainR	noise_gainR	noise_gainR	noise_gainR	0	True	0.0	7.0	
Noyzckippr	obj-52	noise_gainL	noise_gainL	noise_gainL	noise_gainL	0	True	0.0	7.0	
Noyzckippr	obj-6	noise_Q_R	noise_Q_R	noise_Q_R	noise_Q_R	0	True	0.5	80.0	
Noyzckippr	obj-34	wet_dry_left	wet_dry_left	left	wet_dry_left	0	True	0.0	100.0	
Noyzckippr	obj-26	link	link	link	link	2	True	0	1	
Noyzckippr	obj-61	noise_out_gain_L	noise_out_gain_L	noise_out_gain_L	noise_out_gain_L	0	True	0.0	1200.0	
Noyzckippr	obj-7	noise_CF_R	noise_CF_R	noise_CF_R	noise_CF_R	0	True	0.0	4000.0	
Noyzckippr	obj-54	noise_Q_L	noise_Q_L	noise_Q_L	noise_Q_L	0	True	0.5	80.0	
Noyzckippr	obj-2	noise_out_gain_R	noise_out_gain_R	noise_out_gain_R	noise_out_gain_R	0	True	0.0	1200.0	
Noyzckippr	obj-53	noise_CF_L	noise_CF_L	noise_CF_L	noise_CF_L	0	True	0.0	4000.0	
Noyzckippr	obj-35	wet_dry_right	wet_dry_right	right	wet_dry_right	0	True	0.0	100.0	
Pendulum	obj-158	spacing_right	spacing_right	spacing_right	spacing_right	0	True	1.0	10.0	
Pendulum	obj-13	wet_dry	wet_dry	dry/wet	wet_dry	0	True	0.0	100.0	
Pendulum	obj-145	delay left	delay left	delay left	delay left	0	True	0.0	1000.0	
Pendulum	obj-161	master_window	master_window	master_window	master_window	0	True	0.0	1000.0	
Pendulum	obj-150	phase_spread	phase_spread	phase_spread	phase_spread	0	True	0.0	0.25	
Pendulum	obj-138	frequency	frequency	frequency	frequency	0	True	0.0	20.0	
Pendulum	obj-157	spacing_left	spacing_left	spacing_left	spacing_left	0	True	1.0	10.0	
Pendulum	obj-141	freq_spread	freq_spread	freq_spread	freq_spread	0	True	0.0	0.25	
Pendulum	obj-160	window_spread	window_spread	window_spread	window_spread	0	True	0.0	0.25	
Pendulum	obj-148	delay right	delay right	delay right	delay right	0	True	0.0	1000.0	
Phone Filter	obj-2	hiss	hiss	hiss	hiss	0	True	0.0	0.1	
Phone Filter	obj-6	dropout_length	dropout_length	dropout length	dropout_length	0	True	1.0	1000.0	
Phone Filter	obj-24	wet/dry	wet/dry	dry/wet	wet/dry	0	True	0.0	100.0	
Phone Filter	obj-22	quality	quality	quality	quality	0	True	1.0	50.0	
Pitch & Echo	obj-216	VibDepth	VibDepth	Depth	VibDepth	0	True	0.0	1200.0	241
Pitch & Echo	obj-126	VibOscAmount	VibOscAmount	Amount	VibOscAmount	0	True	0.0	100.0	
Pitch & Echo	obj-41	EchoFeedback	EchoFeedback	Feedback	EchoFeedback	0	True	0.0	99.0	
Pitch & Echo	obj-74	Quality	Quality	Quality	Quality	2	True	0	3	
Pitch & Echo	obj-54	Latency	Latency	Latency	Latency	2	True	0	1	
Pitch & Echo	obj-210	VibDirection	VibDirection	Direction	VibDirection	2	True	0	2	
Pitch & Echo	obj-202	VibOscEnable	VibOscEnable	Enable	VibOscEnable	2	True	0	1	
Pitch & Echo	obj-84	EchoMode	EchoMode	Mode	EchoMode	2	True	0	1	
Pitch & Echo	obj-81	EchoSync	EchoSync	Sync	EchoSync	2	True	0	20	
Pitch & Echo	obj-5	Glide	Glide	Glide	Glide	0	True	0.0	10000.0	
Pitch & Echo	obj-211	VibEnable	VibEnable	Enable	VibEnable	2	True	0	1	
Pitch & Echo	obj-215	VibRate	VibRate	Rate	VibRate	0	True	0.0	100.0	
Pitch & Echo	obj-75	EchoTime	EchoTime	Time	EchoTime	0	True	0.0	5000.0	
Pitch & Echo	obj-204	VibNoiseAmount	VibNoiseAmount	Amount	VibNoiseAmount	0	True	0.0	100.0	
Pitch & Echo	obj-31	Gain	Gain	Gain	Gain	0	True	-70.0	30.0	
Pitch & Echo	obj-71	Transp	Transp	Transp	Transp	0	True	-2400.0	2400.0	961
Pitch & Echo	obj-8	Dry/Wet	Dry/Wet	Dry/Wet	Dry/Wet	0	True	0.0	100.0	
Pitch & Echo	obj-203	VibNoiseEnable	VibNoiseEnable	Enable	VibNoiseEnable	2	True	0	1	
Pitch & Echo	obj-37	EchoEnable	EchoEnable	Enable	EchoEnable	2	True	0	1	
Pitch & Vibrato	obj-216	VibDepth	VibDepth	Depth	VibDepth	0	True	0.0	1200.0	241
Pitch & Vibrato	obj-126	VibOscAmount	VibOscAmount	Amount	VibOscAmount	0	True	0.0	100.0	
Pitch & Vibrato	obj-74	Quality	Quality	Quality	Quality	2	True	0	3	
Pitch & Vibrato	obj-54	Latency	Latency	Latency	Latency	2	True	0	1	
Pitch & Vibrato	obj-210	VibDirection	VibDirection	Direction	VibDirection	2	True	0	2	
Pitch & Vibrato	obj-202	VibOscEnable	VibOscEnable	Enable	VibOscEnable	2	True	0	1	
Pitch & Vibrato	obj-5	Glide	Glide	Glide	Glide	0	True	0.0	10000.0	
Pitch & Vibrato	obj-211	VibEnable	VibEnable	Enable	VibEnable	2	True	0	1	
Pitch & Vibrato	obj-215	VibRate	VibRate	Rate	VibRate	0	True	0.0	100.0	
Pitch & Vibrato	obj-204	VibNoiseAmount	VibNoiseAmount	Amount	VibNoiseAmount	0	True	0.0	100.0	
Pitch & Vibrato	obj-31	Gain	Gain	Gain	Gain	0	True	-70.0	30.0	
Pitch & Vibrato	obj-71	Transp	Transp	Transp	Transp	0	True	-2400.0	2400.0	961
Pitch & Vibrato	obj-8	Dry/Wet	Dry/Wet	Dry/Wet	Dry/Wet	0	True	0.0	100.0	
Pitch & Vibrato	obj-203	VibNoiseEnable	VibNoiseEnable	Enable	VibNoiseEnable	2	True	0	1	
Pitch Tracker	obj-94	InGain	InGain	Gain	InGain	0	True	-70.0	24.0	
Pitch Tracker	obj-124	SynthGain	SynthGain	Gain	SynthGain	0	True	-70.0	24.0	
Pitch Tracker	obj-82	Bus	Bus	Bus	Bus	2	True	0	11	
Pitch Tracker	obj-54	Latency	Latency	Latency	Latency	2	True	0	1	
Pitch Tracker	obj-44	TimeThresh	TimeThresh	Time	TimeThresh	0	True	0.0	1000.0	1001
Pitch Tracker	obj-71	16bit	16bit	16bit	16bit	2	True	0	1	
Pitch Tracker	obj-32	MinVel	MinVel	MinVel	MinVel	1	True	0	255	
Pitch Tracker	obj-294	Waveform	Waveform	Waveform	Waveform	2	True	0	3	
Pitch Tracker	obj-59	Channel	Channel	Channel	Channel	2	True	0	2	
Pitch Tracker	obj-123	Smooth	Smooth	Smooth	Smooth	0	True	0.0	500.0	101
Pitch Tracker	obj-39	Tracking	Tracking	Tracking	Tracking	2	True	0	1	
Pitch Tracker	obj-45	Gain	Gain	Gain	Gain	0	True	-70.0	30.0	
Pitch Tracker	obj-73	Flush	Flush	Flush	Flush	2	True	0	1	
Pitch Tracker	obj-75	Midi	Midi	Midi	Midi	2	True	0	1	
Pitch Tracker	obj-8	Dry/Wet	Dry/Wet	Dry/Wet	Dry/Wet	0	True	0.0	100.0	
Pitch Tracker	obj-114	Synth	Synth	Synth	Synth	2	True	0	1	
PitchCorrect Player	obj-25	Loop	Loop	Loop	Loop	2	True	0	1	
PitchCorrect Player	obj-43	Quality	Quality	Quality	Quality	2	True	0	2	
PitchCorrect Player	obj-30	Correct	Correct	Correct	Correct	2	True	0	1	
PitchCorrect Player	obj-102	ZoomV	ZoomV	Zoom	ZoomV	0	True	0.0	1.0	
PitchCorrect Player	obj-48	Rev	Rev	Rev	Rev	2	True	0	1	
PitchCorrect Player	obj-82	ZoomInit	ZoomInit	Init	ZoomInit	2	True	0	1	
PitchCorrect Player	obj-45	Fade	Fade	Fade	Fade	0	True	0.0	1000.0	
PitchCorrect Player	obj-56	SelectAll	SelectAll	SelectAll	SelectAll	2	True	0	1	
PitchCorrect Player	obj-2	Choose	Choose	Choose	Choose	2	True	0	1	
PitchCorrect Player	obj-32	Slur	Slur	Slur	Slur	0	True	0.0	1000.0	
PitchCorrect Player	obj-3	Sync	Sync	Sync	Sync	2	True	0	1	
PitchCorrect Player	obj-12	Thru	Thru	Thru	Thru	2	True	0	1	
PitchCorrect Player	obj-28	Formant	Formant	Formant	Formant	2	True	0	1	
PitchCorrect Player	obj-10	Start	Start	Start	Start	3	True			
PitchCorrect Player	obj-84	Pitch	Pitch	Pitch	Pitch	2	True	0	1	
PitchCorrect Player	obj-50	Tuning	Tuning	Tuning	Tuning	0	True	400.0	500.0	
PitchCorrect Player	obj-29	Play	Play	Play	Play	2	True	0	1	
PitchCorrect Player	obj-1	Drop	Drop	Drop	Drop	4	True			
PitchCorrect Player	obj-11	End	End	End	End	3	True			
PitchCorrect Player	obj-26	Gain	Gain	Gain	Gain	0	True	-70.0	30.0	
PitchCorrect Player	obj-39	ZoomH	ZoomH	ZoomH	ZoomH	3	True			
PitchTime Player	obj-25	Loop	Loop	Loop	Loop	2	True	0	1	
PitchTime Player	obj-28	ResetPitchTime	ResetPitchTime	Reset	ResetPitchTime	2	True	0	1	
PitchTime Player	obj-49	EnableTransp	EnableTransp	Enable	EnableTransp	2	True	0	1	
PitchTime Player	obj-43	Quality	Quality	Quality	Quality	2	True	0	3	
PitchTime Player	obj-102	ZoomV	ZoomV	Zoom	ZoomV	0	True	0.0	1.0	
PitchTime Player	obj-48	Rev	Rev	Rev	Rev	2	True	0	1	
PitchTime Player	obj-82	ZoomInit	ZoomInit	Init	ZoomInit	2	True	0	1	
PitchTime Player	obj-45	Fade	Fade	Fade	Fade	0	True	0.0	1000.0	
PitchTime Player	obj-2	Choose	Choose	Choose	Choose	2	True	0	1	
PitchTime Player	obj-56	SelectAll	SelectAll	SelectAll	SelectAll	2	True	0	1	
PitchTime Player	obj-38	Stretch	Stretch	Stretch	Stretch	0	True	0.1	10.0	
PitchTime Player	obj-3	Sync	Sync	Sync	Sync	2	True	0	1	
PitchTime Player	obj-12	Thru	Thru	Thru	Thru	2	True	0	1	
PitchTime Player	obj-53	EnableFormant	EnableFormant	Enable	EnableFormant	2	True	0	1	
PitchTime Player	obj-10	Start	Start	Start	Start	3	True			
PitchTime Player	obj-52	Formant	Formant	Formant	Formant	0	True	-1200.0	1200.0	481
PitchTime Player	obj-42	Mode	Mode	Mode	Mode	2	True	0	5	
PitchTime Player	obj-29	Play	Play	Play	Play	2	True	0	1	
PitchTime Player	obj-1	Drop	Drop	Drop	Drop	4	True			
PitchTime Player	obj-26	Gain	Gain	Gain	Gain	0	True	-70.0	30.0	
PitchTime Player	obj-11	End	End	End	End	3	True			
PitchTime Player	obj-50	Transp	Transp	Transp	Transp	0	True	-2400.0	2400.0	961
PitchTime Player	obj-57	EnableStretch	EnableStretch	Enable	EnableStretch	2	True	0	1	
PitchTime Player	obj-30	PitchTime	PitchTime	Enable	PitchTime	2	True	0	1	
PitchTime Player	obj-39	ZoomH	ZoomH	ZoomH	ZoomH	3	True			
PluggoFuzz	obj-54	input_filter_gain	input_filter_gain	Gain	input_filter_gain	0	True	0.001	2.0	
PluggoFuzz	obj-67	intensity	intensity	Intensity	intensity	0	True	1.0	11.0	
PluggoFuzz	obj-51	output_filter_frequency[1]	output_filter_frequency[1]	Freq.	output_filter_frequency[1]	0	True	20.0	16000.0	
PluggoFuzz	obj-56	input_filter_mode	input_filter_mode	live.menu	input_filter_mode	2	True	0	6	
PluggoFuzz	obj-53	output_filter_Q	output_filter_Q	Q	output_filter_Q	0	True	0.01	20.0	
PluggoFuzz	obj-58	clip_mode	clip_mode	live.menu	clip_mode	2	True	0	3	
PluggoFuzz	obj-57	output_filter_mode	output_filter_mode	live.menu	output_filter_mode	2	True	0	6	
PluggoFuzz	obj-5	level	level	Level	level	0	True	-70.0	6.0	
PluggoFuzz	obj-55	output_filter_gain	output_filter_gain	Gain	output_filter_gain	0	True	0.001	2.0	
PluggoFuzz	obj-52	input_filter_Q	input_filter_Q	Q	input_filter_Q	0	True	0.01	20.0	
PluggoFuzz	obj-50	input_filter_frequency	input_filter_frequency	Freq.	input_filter_frequency	0	True	20.0	16000.0	
PluggoFuzz	obj-60	input_gain	input_gain	Gain	input_gain	0	True	-12.0	12.0	
Poly Vocoder	obj-30	Atten	Atten	Atten	Atten	2	True	0	1	
Poly Vocoder	obj-38	AmbienceThreshold	AmbienceThreshold	Threshold	AmbienceThreshold	0	True	-10.0	10.0	
Poly Vocoder	obj-82	Bus	Bus	Bus	Bus	2	True	0	11	
Poly Vocoder	obj-53	Quality	Quality	Quality	Quality	2	True	0	3	
Poly Vocoder	obj-54	Latency	Latency	Latency	Latency	2	True	0	1	
Poly Vocoder	obj-23	PreGain	PreGain	Gain	PreGain	0	True	-70.0	30.0	
Poly Vocoder	obj-50	CorrectionAmount	CorrectionAmount	Amount	CorrectionAmount	0	True	0.0	100.0	
Poly Vocoder	obj-75	Fade	Fade	Fade	Fade	0	True	0.0	10000.0	
Poly Vocoder	obj-71	Shift	Shift	Shift	Shift	0	True	-1200.0	1200.0	481
Poly Vocoder	obj-48	CorrectionThreshold	CorrectionThreshold	Threshold	CorrectionThreshold	0	True	0.0	99.0	
Poly Vocoder	obj-18	InitSettings	InitSettings	Init	InitSettings	2	True	0	1	
Poly Vocoder	obj-27	Spread	Spread	Spread	Spread	0	True	0.0	100.0	
Poly Vocoder	obj-17	Pattern	Pattern	Pattern	Pattern	2	True	0	9	
Poly Vocoder	obj-31	Gain	Gain	Gain	Gain	0	True	-70.0	30.0	
Poly Vocoder	obj-73	Midi	Midi	Midi	Midi	2	True	0	1	
Poly Vocoder	obj-8	Dry/Wet	Dry/Wet	Dry/Wet	Dry/Wet	0	True	0.0	100.0	
Poly Vocoder	obj-63	Clear	Clear	Clear	Clear	2	True	0	1	
Poly Vocoder	obj-3	Chord	Chord	Chord	Chord	3	True			
Poly Vocoder	obj-42	SibilanceThreshold	SibilanceThreshold	Threshold	SibilanceThreshold	0	True	0.0	500.0	
Poly Vocoder	obj-11	Storage	Storage	Storage	u428012511	3	True			
Raindrops	obj-60	max_freq	max_freq	Max Freq	max_freq	0	True	1.0	20000.0	
Raindrops	obj-12	wet/dry	wet/dry	dry/wet	wet/dry	0	True	0.0	100.0	
Raindrops	obj-59	min_freq	min_freq	Min Freq	min_freq	0	True	1.0	20000.0	
Raindrops	obj-57	resonance	resonance	Filter Q	resonance	0	True	0.0	200.0	
Raindrops	obj-61	density	density	Density	density	0	True	0.0	1000.0	
Raindrops	obj-64	attack	attack	Attack	attack	0	True	0.0	1000.0	
Raindrops	obj-56	gain_overdrive	gain_overdrive	Gain/OD	gain_overdrive	0	True	0.0	1.0	
Raindrops	obj-67	decay	decay	Decay	decay	0	True	0.0	1000.0	
Rye	obj-70	grain-xfade	grain-xfade	xfade	grain-xfade	0	True	1.0	1000.0	
Rye	obj-74	fb-delay	fb-delay	delay	fb-delay	0	True	1.0	5000.0	
Rye	obj-67	grain-duration	grain-duration	duration	grain-duration	0	True	1.0	5000.0	
Rye	obj-65	grain-pitch	grain-pitch	pitch	grain-pitch	0	True	-10.0	10.0	
Rye	obj-79	wet/dry	wet/dry	wet/dry	wet/dry	1	True	0	100	
Rye	obj-72	stereo-factor	stereo-factor	stereo	stereo-factor	0	True	-3.0	3.0	
Rye	obj-62	grain-period	grain-period	period	grain-period	0	True	5.0	5000.0	
Rye	obj-77	fb-amount	fb-amount	feedback	fb-amount	0	True	0.0	700.0	
Simple Pitch Shifter	obj-74	Quality	Quality	Quality	Quality	2	True	0	3	
Simple Pitch Shifter	obj-54	Latency	Latency	Latency	Latency	2	True	0	1	
Simple Pitch Shifter	obj-5	Glide	Glide	Glide	Glide	0	True	0.0	10000.0	
Simple Pitch Shifter	obj-31	Gain	Gain	Gain	Gain	0	True	-70.0	30.0	
Simple Pitch Shifter	obj-71	Transp	Transp	Transp	Transp	0	True	-2400.0	2400.0	961
Simple Pitch Shifter	obj-8	Dry/Wet	Dry/Wet	Dry/Wet	Dry/Wet	0	True	0.0	100.0	
Space Echo	obj-17	WarbleSpeed	WarbleSpeed	speed	WarbleSpeed	1	True	0	255	
Space Echo	obj-25	wet/dry	wet/dry	dry/wet	wet/dry	0	True	0.0	100.0	
Space Echo	obj-14	lowpass	lowpass	lowpass	lowpass	0	True	0.0	10000.0	
Space Echo	obj-35	reverb_wetdry	reverb_wetdry	level	reverb_wetdry	0	True	0.0	100.0	
Space Echo	obj-16	highpass	highpass	highpass	highpass	0	True	0.0	3000.0	
Space Echo	obj-4	feedback	feedback	feedback	feedback	0	True	0.0	100.0	
Space Echo	obj-229	bpm	bpm	bpm	bpm	0	True	30.0	300.0	
Space Echo	obj-221	tempo	tempo	tempo	tempo	2	True	0	1	
Space Echo	obj-5	clipping	clipping	clipping	clipping	0	True	0.0	1.0	
Space Echo	obj-20	WarbleAmount	WarbleAmount	amount	WarbleAmount	1	True	0	255	
Space Echo	obj-8	live.menu	live.menu	live.menu	live.menu	2	True	0	20	
Space Echo	obj-22	inertia	inertia	inertia	inertia	0	True	0.0	8.0	
Space Echo	obj-27	revtime	revtime	revtime	revtime	0	True	0.0	10000.0	
Spectral Filter	obj-7	wet/dry	wet/dry	wet/dry	wet/dry	0	True	0.0	100.0	
Spectral Filter	obj-44	spectral_filter	spectral_filter	spectral	multi	3	True			
Spectral Filter	obj-4	randomize	randomize	rand	randomize	2	True	0	1	
Speed Shifter	obj-78	left_speed	left_speed	left_speed	left_speed	0	True	-400.0	400.0	
Speed Shifter	obj-85	left_length	left_length	left_length	left_length	0	True	0.0	2000.0	
Speed Shifter	obj-12	wet/dry	wet/dry	dry/wet	wet/dry	0	True	0.0	100.0	
Speed Shifter	obj-81	right_speed	right_speed	right_speed	right_speed	0	True	-400.0	400.0	
Speed Shifter	obj-89	left_feedback	left_feedback	left_feedback	left_feedback	0	True	0.0	100.0	
Speed Shifter	obj-93	feedback_clipping	feedback_clipping	feedback_clipping	feedback_clipping	0	True	0.0	100.0	
Speed Shifter	obj-87	right_length	right_length	right_length	right_length	0	True	0.0	2000.0	
Speed Shifter	obj-91	right_feedback	right_feedback	right_feedback	right_feedback	0	True	0.0	100.0	
SquirrelParade	obj-100	dropout	dropout	dropout	dropout	0	True	0.0	1.0	
SquirrelParade	obj-84::obj-57	matrix4_4	matrix4_4	matrix4_4			True			
SquirrelParade	obj-84::obj-61	matrix3_4	matrix3_4	matrix3_4			True			
SquirrelParade	obj-84::obj-54	matrix2_3	matrix2_3	matrix2_3			True			
SquirrelParade	obj-105	fmd4	fmd4	fmd4	fmd4	0	True	0.0	10.0	
SquirrelParade	obj-84::obj-50	matrix1_2	matrix1_2	matrix1_2			True			
SquirrelParade	obj-104	bs_4	bs_4	bs_4	bs_4	0	True	0.0	10.0	
SquirrelParade	obj-91	freq	freq	freq	live.numbox[1]	0	True	0.0	2000.0	
SquirrelParade	obj-15	wet/dry	wet/dry	dry/wet	wet/dry	0	True	0.0	100.0	
SquirrelParade	obj-90	grain_size	grain_size	grain_size	live.numbox	0	True	4.0	96000.0	
SquirrelParade	obj-28	v2	v2	v2	v2	0	True	0.0	1.0	
SquirrelParade	obj-31	spread	spread	spread	spread	0	True	0.0	100.0	
SquirrelParade	obj-84::obj-62	matrix3_3	matrix3_3	matrix3_3			True			
SquirrelParade	obj-84::obj-55	matrix2_2	matrix2_2	matrix2_2			True			
SquirrelParade	obj-84::obj-48	matrix1_1	matrix1_1	matrix1_1			True			
SquirrelParade	obj-98	window	window	window	window	0	True	0.0	1.0	
SquirrelParade	obj-29	v3	v3	v3	v3	0	True	0.0	1.0	
SquirrelParade	obj-84::obj-58	matrix4_3	matrix4_3	matrix4_3			True			
SquirrelParade	obj-99	repeat	repeat	repeat	repeat	0	True	0.0	1.0	
SquirrelParade	obj-84::obj-63	matrix3_2	matrix3_2	matrix3_2			True			
SquirrelParade	obj-30	v4	v4	v4	v4	0	True	0.0	1.0	
SquirrelParade	obj-84::obj-56	matrix2_1	matrix2_1	matrix2_1			True			
SquirrelParade	obj-106	fmd3	fmd3	fmd3	fmd3	0	True	0.0	10.0	
SquirrelParade	obj-103	bs_3	bs_3	bs_3	bs_3	0	True	0.0	10.0	
SquirrelParade	obj-84::obj-59	matrix4_2	matrix4_2	matrix4_2			True			
SquirrelParade	obj-84::obj-64	matrix3_1	matrix3_1	matrix3_1			True			
SquirrelParade	obj-84::obj-51	matrix1_4	matrix1_4	matrix1_4			True			
SquirrelParade	obj-107	fmd2	fmd2	fmd2	fmd2	0	True	0.0	10.0	
SquirrelParade	obj-102	bs_2	bs_2	bs_2	bs_2	0	True	0.0	10.0	
SquirrelParade	obj-95	test_01	test_01	test_01	test_01	2	True	0	1	
SquirrelParade	obj-84::obj-60	matrix4_1	matrix4_1	matrix4_1			True			
SquirrelParade	obj-84::obj-53	matrix2_4	matrix2_4	matrix2_4			True			
SquirrelParade	obj-26	v1	v1	v1	v1	0	True	0.0	1.0	
SquirrelParade	obj-84::obj-52	matrix1_3	matrix1_3	matrix1_3			True			
SquirrelParade	obj-108	fmd1	fmd1	fmd1	fmd1	0	True	0.0	10.0	
SquirrelParade	obj-101	bs_1	bs_1	bs_1	bs_1	0	True	0.0	10.0	
Stereo Adjuster	obj-34	adjust	adjust	adjust	live.slider	0	True			
Stutterer	obj-88::obj-47	note	note	note			True			
Stutterer	obj-19	Portamento	Portamento	Portamento	port	1	True	0	100	
Stutterer	obj-87	sync	sync	sync	Rsync	2	True	0	1	
Stutterer	obj-79	wet_dry	wet_dry	dry/wet	wet_dry	1	True	0	100	
Stutterer	obj-23	note_length	note_length	note_length	note_length	2	True	0	21	
Stutterer	obj-4	defaultPitch	defaultPitch	defaultPitch	defaultPitch	2	True	0	1	
Stutterer	obj-41	ranger	ranger	ranger	ranger	3	True			
Stutterer	obj-31	auto_trig	auto_trig	auto_trig	live.toggle	2	True	0	1	
Stutterer	obj-46::obj-27	reverse	reverse	reverse	reverse	2	True	0	2	
Stutterer	obj-3	trigger	trigger	trig	trigger	2	True	0	1	
Stutterer	obj-15	density	density	density	density	1	True	0	100	
Stutterer	obj-88::obj-48	Multiplier	Multiplier	multiplier			True			
Stutterer	obj-199	stutters	stutters	stutters	stutters	1	True	0	74	
Stutterer	obj-10	left_freeze	left_freeze	left_freeze	left_freeze	2	True	0	1	
Stutterer	obj-88::obj-24	stutter_time	stutter_time	stutter time			True			
Stutterer	obj-36	lMulti	lMulti	lMulti	lMulti	3	True			
Swirl	obj-59	left_modfreq	left_modfreq	L freq	left_modfreq	0	True	0.0	1.0	
Swirl	obj-57	in_level	in_level	in level	input_gain	0	True	0.0	1.0	
Swirl	obj-66	right_modfreq	right_modfreq	R freq	right_modfreq	0	True	0.0	1.0	
Swirl	obj-14	wet_dry	wet_dry	dry/wet	wet_dry	0	True	0.0	100.0	
Swirl	obj-62	left_feedback	left_feedback	L FB	left_feedback	0	True	0.0	0.9	
Swirl	obj-58	left_delay	left_delay	L delay	left_delay	0	True	0.0	210.0	
Swirl	obj-60	left_moddepth	left_moddepth	L depth	left_moddepth	0	True	0.0	4.0	
Swirl	obj-67	right_delay	right_delay	R delay	right_delay	0	True	0.0	210.0	
Swirl	obj-64	right_feedback	right_feedback	R FB	right_feedback	0	True	0.0	0.9	
Swirl	obj-65	right_moddepth	right_moddepth	R depth	right_moddepth	0	True	0.0	4.0	
Synced Player	obj-65	Beats	Beats	Beats	Beats	1	True	0	255	
Synced Player	obj-13	Warp	Warp	Warp	Warp	2	True	0	1	
Synced Player	obj-28	ResetPitchTime	ResetPitchTime	Reset	ResetPitchTime	2	True	0	1	
Synced Player	obj-49	EnableTransp	EnableTransp	Enable	EnableTransp	2	True	0	1	
Synced Player	obj-43	Quality	Quality	Quality	Quality	2	True	0	3	
Synced Player	obj-102	ZoomV	ZoomV	Zoom	ZoomV	0	True	0.0	1.0	
Synced Player	obj-103	Quantize	Quantize	Quantize	Quantize	2	True	0	13	
Synced Player	obj-48	Rev	Rev	Rev	Rev	2	True	0	1	
Synced Player	obj-74	StretchMode	StretchMode	Mode	StretchMode	2	True	0	1	
Synced Player	obj-82	ZoomInit	ZoomInit	Init	ZoomInit	2	True	0	1	
Synced Player	obj-45	Fade	Fade	Fade	Fade	0	True	0.0	1000.0	
Synced Player	obj-56	SelectAll	SelectAll	SelectAll	SelectAll	2	True	0	1	
Synced Player	obj-2	Choose	Choose	Choose	Choose	2	True	0	1	
Synced Player	obj-77	Stretch	Stretch	Stretch	Stretch	2	True	0	7	
Synced Player	obj-12	Thru	Thru	Thru	Thru	2	True	0	1	
Synced Player	obj-53	EnableFormant	EnableFormant	Enable	EnableFormant	2	True	0	1	
Synced Player	obj-10	Start	Start	Start	Start	3	True			
Synced Player	obj-52	Formant	Formant	Formant	Formant	0	True	-1200.0	1200.0	481
Synced Player	obj-42	Mode	Mode	Mode	Mode	2	True	0	5	
Synced Player	obj-29	Play	Play	Play	Play	2	True	0	1	
Synced Player	obj-1	Drop	Drop	Drop	Drop	4	True			
Synced Player	obj-25	QuantizeLed	QuantizeLed	Led	QuantizeLed	2	True	0	1	
Synced Player	obj-26	Gain	Gain	Gain	Gain	0	True	-70.0	30.0	
Synced Player	obj-11	End	End	End	End	3	True			
Synced Player	obj-50	Transp	Transp	Transp	Transp	0	True	-2400.0	2400.0	961
Synced Player	obj-70	Bars	Bars	Bars	Bars	1	True	0	255	
Synced Player	obj-71	ResetLength	ResetLength	Reset	ResetLength	2	True	0	1	
Synced Player	obj-111	Grid	Grid	Grid	Grid	1	True	1	32	
Synced Player	obj-84	EnableStretch	EnableStretch	Enable	EnableStretch	2	True	0	1	
Synced Player	obj-39	ZoomH	ZoomH	ZoomH	ZoomH	3	True			
Tapped Delay	obj-22	levels	levels	levels	levels	3	True			
Tapped Delay	obj-9	wet/dry	wet/dry	dry/wet	wet/dry	0	True	0.0	100.0	
Tapped Delay	obj-84	randPan	randPan	randPan	randPan	2	True	0	1	
Tapped Delay	obj-13	feedback	feedback	feedback	feedback	0	True	0.0	100.0	
Tapped Delay	obj-10	positions	positions	positions	positions	3	True			
Tapped Delay	obj-229	bpm	bpm	bpm	bpm	0	True	30.0	300.0	
Tapped Delay	obj-221	tempo	tempo	tempo	tempo	2	True	0	1	
Tapped Delay	obj-83	randDelay	randDelay	randDelay	live.text	2	True	0	1	
Tapped Delay	obj-3	time	time	time	live.menu	2	True	0	21	
Tapped Delay	obj-85	centerPan	centerPan	centerPan	centerPan	2	True	0	1	
Tremellow	obj-5::obj-112	freq_range	freq_range	range			True			
Tremellow	obj-5::obj-117	phase	phase	phase			True			
Tremellow	obj-119	sync	sync	sync	sync	2	True	0	1	
Tremellow	obj-6	wet/dry	wet/dry	dry/wet	wet/dry	0	True	0.0	100.0	
Tremellow	obj-5::obj-127	mod_freq_range	mod_freq_range	mod_freq_range			True			
Tremellow	obj-70	spread	spread	spread	spread	0	True			
Tremellow	obj-5::obj-8	sync_division	sync_division	sync_division			True			
Tremellow	obj-5::obj-136	fine_freq	fine_freq	fine_freq			True			
Tremellow	obj-118	waveform	waveform	waveform	waveform	0	True	0.0	1.0	
Tremellow	obj-5::obj-111	frequency	frequency	freq			True			
Tremellow	obj-5::obj-125	mod_freq	mod_freq	mod_freq			True			
Tremellow	obj-5::obj-129	amount	amount	amount			True			
Tremellow	obj-5::obj-131	amount_range	amount_range	mod_freq_range			True			
Vibrato Cauldron	obj-2	wet_dry	wet_dry	dry/wet	wet_dry	1	True	0	100	
Vibrato Cauldron	obj-78	feedback	feedback	FB	feedback	0	True	0.0	99.0	
Vibrato Cauldron	obj-32	moddepth	moddepth	Depth	moddepth	0	True	0.0	50.0	
Vibrato Cauldron	obj-74	delay	delay	Delay	delay	0	True	0.0	90.0	
Vibrato Cauldron	obj-75	mod_cutoff	mod_cutoff	Cutoff Fr	mod_cutoff	0	True	0.0	4000.0	
Vibrato Cauldron	obj-73	mod_Q	mod_Q	Mod Q	mod_Q	0	True	0.0	199.0	
Vibrato Cauldron	obj-76	rate	rate	Rate	rate	0	True	0.0	10.0	
Warpoon	obj-66	T2_depth	T2_depth	Depth	T2_moddepth	0	True	0.0	100.0	
Warpoon	obj-79	wet_dry_level	wet_dry_level	dry/wet	wet_dry_level	1	True	0	100	
Warpoon	obj-71	T1_mod_freq	T1_mod_freq	Mod freq	T1_modfreq	0	True	0.0	2.0	
Warpoon	obj-63	T3_mod_freq	T3_mod_freq	Mod freq	T3_modfreq	0	True	0.0	2.0	
Warpoon	obj-59	T4_mod_freq	T4_mod_freq	Mod freq	T4_modfreq	0	True	0.0	2.0	
Warpoon	obj-72	T1_delay	T1_delay	T1 delay	T1_delay	0	True	0.0	100.0	
Warpoon	obj-64	T3_delay	T3_delay	T3 delay	T3_delay	0	True	0.0	100.0	
Warpoon	obj-58	T4_delay	T4_delay	T4 delay	T4_delay	0	True	0.0	100.0	
Warpoon	obj-61	waveform	waveform	waveform	waveform	2	True	0	1	
Warpoon	obj-67	T2_mod_freq	T2_mod_freq	Mod freq	T2_modfreq	0	True	0.0	2.0	
Warpoon	obj-81	level	level	level	level	0	True	-70.0	6.0	
Warpoon	obj-60	T4_depth	T4_depth	Depth	T4_moddepth	0	True	0.0	100.0	
Warpoon	obj-68	T2_delay	T2_delay	T2 delay	T2_delay	0	True	0.0	100.0	
Warpoon	obj-70	T1_depth	T1_depth	Depth	T1_moddepth	0	True	0.0	100.0	
Warpoon	obj-62	T3_depth	T3_depth	Depth	T3_moddepth	0	True	0.0	100.0	
WasteBand	obj-35	Hi_L	Hi_L	Level	Hi_L	0	True	-70.0	6.0	
WasteBand	obj-113	Low-Mid_L	Low-Mid_L	Low-Mid	lowerupperbound_L	0	True	40.0	8000.0	
WasteBand	obj-41	Mid_R	Mid_R	Level	Mid_R	0	True	-70.0	6.0	
WasteBand	obj-12	Mid_L	Mid_L	Level	Mid_L	0	True	-70.0	6.0	
WasteBand	obj-140	midOD_R	midOD_R	Mid OD	midOD_R	0	True	-100.0	100.0	
WasteBand	obj-136	loOD_L	loOD_L	Low OD	loOD_L	0	True	-100.0	100.0	
WasteBand	obj-3	Low_L	Low_L	Level	Low_L	0	True	-70.0	6.0	
WasteBand	obj-139	hiOD_R	hiOD_R	Hi OD	hiOD_R	0	True	-100.0	100.0	
WasteBand	obj-138	hiOD_L	hiOD_L	Hi OD	hiOD_L	0	True	-100.0	100.0	
WasteBand	obj-114	Mid-Hi_L	Mid-Hi_L	Mid-Hi	upperlowerbound_L	0	True	40.0	8000.0	
WasteBand	obj-44	Low_R	Low_R	Level	Low_R	0	True	-70.0	6.0	
WasteBand	obj-116	Low-Mid_R	Low-Mid_R	Low-Mid	lowerupperbound_R	0	True	40.0	8000.0	
WasteBand	obj-38	Hi_R	Hi_R	Level	Hi_R	0	True	-70.0	6.0	
WasteBand	obj-141	loOD_R	loOD_R	Low OD	loOD_R	0	True	-100.0	100.0	
WasteBand	obj-137	midOD_L	midOD_L	Mid OD	midOD_L	0	True	-100.0	100.0	
WasteBand	obj-115	Mid-Hi_R	Mid-Hi_R	Mid-Hi	upperlowerbound_R	0	True	40.0	8000.0	
Waveshaper	obj-1	wave	wave	wave	wave	3	True			
Waveshaper	obj-18	copy_up	copy_up	copy_up	live.text[1]	2	True	0	1	
Waveshaper	obj-23	null	null	Null	live.text[3]	2	True	0	1	
Waveshaper	obj-22	smooth	smooth	smooth	live.text[2]	2	True	0	1	
Waveshaper	obj-4	copy_down	copy_down	copy_down	live.text	2	True	0	1	
Wheat	obj-12	pitch_rand	pitch_rand	p_rand	pitch_rand	1	True	0	255	
Wheat	obj-19	wet_dry	wet_dry	dry/wet	wet_dry	0	True	0.0	100.0	
Wheat	obj-4	window	window	window	window	0	True	0.0	512.0	
Wheat	obj-8	scan_rate	scan_rate	scan_rate	scan_rate	0	True	0.0	512.0	
Wheat	obj-3	mod.speed	mod.speed	mod speed	live.slider[10]	0	True	0.0	512.0	
Wheat	obj-2	ranger	ranger	ranger	ranger	3	True			
Wheat	obj-202	mode.offset	mode.offset	offset	live.text[2]	2	True	0	1	
Wheat	obj-9	grain	grain	grain	grain	0	True	0.0	500.0	
Wheat	obj-191	mode.freeze	mode.freeze	freeze	live.text	2	True	0	1	
Wheat	obj-7	speed	speed	speed	speed	0	True	5.0	512.0	
Wheat	obj-34	pitch	pitch	pitch	pitch	0	True	0.0	512.0	
Wheat	obj-11	xfade	xfade	xfade	xfade	0	True	0.0	500.0	
Wheat	obj-5	mod.amount	mod.amount	mod amt	live.slider[11]	0	True	0.0	512.0	
Wheat	obj-197	live.button	live.button	live.button	live.button	2	True	0	1	
Wheat	obj-74	variation	variation	variation	multi	3	True			
Wheat	obj-198	mess	mess	mess	live.text[1]	2	True	0	1	
Wheat	obj-30	rnd_stereo	rnd_stereo	rnd_stereo	rnd_stereo	0	True	0.0	512.0	
Xformer	obj-7	decay	decay	decay	decay	0	True	0.0	10000.0	
Xformer	obj-37	accent	accent	accent	accent	0	True	0.0	100.0	
Xformer	obj-36	delay	delay	delay	delay	0	True	0.0	222.0	
Xformer	obj-4	sum_inputs	sum_inputs	sum_inputs	live.toggle	2	True	0	1	
Xformer	obj-10	steps	steps	steps	live.numbox	1	True	0	32	
Xformer	obj-8	attack	attack	attack	attack	0	True	0.0	10000.0	
Xformer	obj-39	accenter	accenter	accenter	accenter	3	True			
Xformer	obj-104	mute	mute	mute	mute	3	True			
