Help file	Device	receive~ name	Direct parameters	Randomized parameters	Wet/default controls	Fixed input -3 dB	Fixed output 0 dB	Excluded from randomization	Warnings
Feedback Network.maxhelp	Feedback Network	AMXD_FeedbackNetwork	21	20	wet/dry			wet/dry	inferred_ranges=FB-level,AFB-Sens,GL-Delay,GL-Freq,AFB-Rate,AutoNetRate,GL-Q,AFB-Clip,FB-Gain,AutoGainRate
FilterTaps.maxhelp	FilterTaps	AMXD_FilterTaps	44	42	dry/wet		global_gain	dry/wet|global_gain	inferred_ranges=pitch5,pitch3,pitch6,pan4,pitch4,pan6,pan3,[14],pan2,pan5,pitch2,[30]
Flange-o-tron.maxhelp	Flange-o-tron	AMXD_Flangeotron	9	8	wet/dry			wet/dry	
Fragulator.maxhelp	Fragulator	AMXD_Fragulator	9	8	wet_dry			wet_dry	
Generic Effect.maxhelp	Generic Effect	AMXD_GenericEffect	10	8	wet/dry	input_gain		wet/dry|input_gain	
Granular-to-go.maxhelp	Granular-to-go	AMXD_Granulartogo	13	12	wet_dry			wet_dry	
Harmonic Filter.maxhelp	Harmonic Filter	AMXD_HarmonicFilter	51	50			level	level	no_explicit_wet_control|inferred_ranges=rnd_range
Mangle Filter.maxhelp	Mangle Filter	AMXD_MangleFilter	8	7	wet_dry			wet_dry	
Max AutoFilter.maxhelp	Max AutoFilter	AMXD_autofilter	14	11	Dry/Wet	EnvInput	Gain	EnvInput|Dry/Wet|Gain	
Max AutoRingMod.maxhelp	Max AutoRingMod	AMXD_autoringmod	10	7	Dry/Wet	EnvInput	Gain	EnvInput|Dry/Wet|Gain	
Max CombFilterMulti.maxhelp	Max CombFilterMulti	AMXD_combfiltermulti	16	13	Dry/Wet	Input	Gain	Dry/Wet|Input|Gain	
Max Compressor.maxhelp	Max Compressor	AMXD_compressor	23	22			Gain	Gain	no_explicit_wet_control
Max CutKiller.maxhelp	Max CutKiller	AMXD_cutkiller	41	39	Dry/wet		Gain	Dry/wet|Gain	
Max DelayMultiBand.maxhelp	Max DelayMultiBand	AMXD_delaymultiband	19	17	DirectGain=minimum		EffectGain	EffectGain|DirectGain	
Max DelayTaps.maxhelp	Max DelayTaps	AMXD_delaytaps	16	14	Dry/Wet		MasterGain	Dry/Wet|MasterGain	
Max DopplerPan.maxhelp	Max DopplerPan	AMXD_dopplerpan	10	8		Source	Output	Output|Source	no_explicit_wet_control
Max EffectMatrix.maxhelp	Max EffectMatrix	AMXD_effectmatrix	14	12		InputGain	OutputGain	InputGain|OutputGain	no_explicit_wet_control
Max EnvFollower.maxhelp	Max EnvFollower	AMXD_envfollower	8	6		Input|Source		Input|Source	no_explicit_wet_control
Max EqGraphic31.maxhelp	Max EqGraphic31	AMXD_EqGraphic31	34	33			MasterGain	MasterGain	no_explicit_wet_control
Max EqParametric4.maxhelp	Max EqParametric4	AMXD_EqParametric4	23	22			MasterGain	MasterGain	no_explicit_wet_control
Max EqShelving.maxhelp	Max EqShelving	AMXD_EqShelving	9	8			MasterGain	MasterGain	no_explicit_wet_control
Max SignalAnalyzer.maxhelp	Max SignalAnalyzer	AMXD_signalanalyzer	2	2					no_explicit_wet_control
Max SpectralDelay.maxhelp	Max SpectralDelay	AMXD_spectraldelay	8	6	Dry/Wet		Gain	Dry/Wet|Gain	
Max SpectralHarm.maxhelp	Max SpectralHarm	AMXD_spectralharm	17	15	Dry/Wet		Gain	Dry/Wet|Gain	
Microtuner.maxhelp	Microtuner	AMXD_Microtuner	16	14	Dry/Wet		Gain	Gain|Dry/Wet	
Mono Vocoder.maxhelp	Mono Vocoder	AMXD_MonoVocoder	14	12	Dry/Wet		Gain	Gain|Dry/Wet	
MonsterCrunch.maxhelp	MonsterCrunch	AMXD_MonsterCrunch	11	9	wet-dry		level	wet-dry|level	
Multi Harmonizer.maxhelp	Multi Harmonizer	AMXD_MultiHarmonizer	21	19	Dry/Wet		Gain	Gain|Dry/Wet	
Nebula.maxhelp	Nebula	AMXD_Nebula	5	4			level	level	no_explicit_wet_control
Noyzckippr.maxhelp	Noyzckippr	AMXD_Noyzckippr	11	9	wet_dry_left|wet_dry_right			wet_dry_left|wet_dry_right	
Pendulum.maxhelp	Pendulum	AMXD_Pendulum	10	9	wet_dry			wet_dry	
Phase Scope.maxhelp	Phase Scope	AMXD_PhaseScope	0	0					no_direct_parameters|no_explicit_wet_control
Phone Filter.maxhelp	Phone Filter	AMXD_PhoneFilter	4	3	wet/dry			wet/dry	
Pitch & Echo.maxhelp	Pitch & Echo	AMXD_PitchEcho	19	17	Dry/Wet		Gain	Gain|Dry/Wet	
Pitch & Vibrato.maxhelp	Pitch & Vibrato	AMXD_PitchVibrato	14	12	Dry/Wet		Gain	Gain|Dry/Wet	
Pitch Tracker.maxhelp	Pitch Tracker	AMXD_PitchTracker	16	13	Dry/Wet	InGain	Gain	InGain|Gain|Dry/Wet	
PitchCorrect Player.maxhelp	PitchCorrect Player	AMXD_PitchCorrectPlayer	17	15	Thru=minimum		Gain	Thru|Gain	
PitchTime Player.maxhelp	PitchTime Player	AMXD_PitchTimePlayer	21	19	Thru=minimum		Gain	Thru|Gain	
PluggoFuzz.maxhelp	PluggoFuzz	AMXD_PluggoFuzz	12	10		input_gain	level	level|input_gain	no_explicit_wet_control
Poly Vocoder.maxhelp	Poly Vocoder	AMXD_PolyVocoder	18	16	Dry/Wet		Gain	Gain|Dry/Wet	
Raindrops.maxhelp	Raindrops	AMXD_Raindrops	8	7	wet/dry			wet/dry	
Rye.maxhelp	Rye	AMXD_Rye	8	7	wet/dry			wet/dry	
Simple Pitch Shifter.maxhelp	Simple Pitch Shifter	AMXD_SimplePitchShifter	6	4	Dry/Wet		Gain	Gain|Dry/Wet	
Space Echo.maxhelp	Space Echo	AMXD_SpaceEcho	13	11	wet/dry|reverb_wetdry			wet/dry|reverb_wetdry	
Spectral Filter.maxhelp	Spectral Filter	AMXD_SpectralFilter	2	1	wet/dry			wet/dry	
Speed Shifter.maxhelp	Speed Shifter	AMXD_SpeedShifter	8	7	wet/dry			wet/dry	
SquirrelParade.maxhelp	SquirrelParade	AMXD_SquirrelParade	20	19	wet/dry			wet/dry	
Stereo Adjuster.maxhelp	Stereo Adjuster	AMXD_StereoAdjuster	1	1					no_explicit_wet_control|inferred_ranges=adjust
Stutterer.maxhelp	Stutterer	AMXD_Stutterer	11	10	wet_dry			wet_dry	
Swirl.maxhelp	Swirl	AMXD_Swirl	10	9	wet_dry			wet_dry	
Synced Player.maxhelp	Synced Player	AMXD_SyncedPlayer	26	24	Thru=minimum		Gain	Thru|Gain	
Tapped Delay.maxhelp	Tapped Delay	AMXD_TappedDelay	8	7	wet/dry			wet/dry	
Tremellow.maxhelp	Tremellow	AMXD_Tremellow	4	3	wet/dry			wet/dry	inferred_ranges=spread
Vibrato Cauldron.maxhelp	Vibrato Cauldron	AMXD_VibratoCauldron	7	6	wet_dry			wet_dry	
Warpoon.maxhelp	Warpoon	AMXD_Warpoon	15	13	wet_dry_level		level	wet_dry_level|level	
WasteBand.maxhelp	WasteBand	AMXD_WasteBand	16	16					no_explicit_wet_control
Waveshaper.maxhelp	Waveshaper	AMXD_Waveshaper	4	4					no_explicit_wet_control
Wheat.maxhelp	Wheat	AMXD_Wheat	15	14	wet_dry			wet_dry	
Xformer.maxhelp	Xformer	AMXD_Xformer	6	6					no_explicit_wet_control
